Workbook

Sheet Instrucciones
A1: Registro y cálculo de métricas de calidad ISO/IEC 25010
A2: Producto evaluado: VigiSalud Malaria (https://vigisalud-malaria.vercel.app)
A3: Curso: Calidad de Software – Trabajo Parcial 6 – UNSA, 2026-B
A4: Equipo: Cari Quispe, Juan Manuel; Chura Monroy, Daniel Wilston; Lopez Arela, Ower Frank; Phocco Tapia, Alejandro Josue; Zegarra Puma, Mauricio Eduardo
A6: Cómo usar el libro
A7: 1. 'Modelo': características y subcaracterísticas adoptadas, prioridad y justificación (Punto 1).
A8: 2. 'Métricas': fichas GQM con objetivo, pregunta, fórmula, umbral y responsable (Punto 2).
A9: 3. 'Registro': una fila por métrica y corrida con los campos del formato de recopilación (Punto 3).
A10: Ingrese A y B (o el valor medido). Resultado, estado, puntaje y categoría se calculan con fórmulas.
A11: 4. 'Incidentes': fallos clasificados por origen (producto, script de prueba, infraestructura).
A12: 5. 'Resumen': conteos por característica y corrida, calculados con fórmulas (insumo del tablero, Punto 4).
A13: 6. 'Requisitos': matriz de trazabilidad requisito → métrica → prueba.
... A18: Los umbrales se fijaron el 27/10/2026, antes de la corrida 01.

Sheet Modelo
A1: Código | B1: Característica | C1: Prioridad | D1: Justificación | E1: Subcaracterística | F1: Estado | G1: Métricas / motivo
A2: IF | B2: Idoneidad funcional | C2: Alta | D2: Un sistema de vigilancia que muestra cifras incorrectas lleva a decisiones sanitarias erróneas; la corrección de los conteos es el requisito central. | E2: Completitud funcional | F2: seleccionada | G2: IF-01
A3: IF | B3: Idoneidad funcional | C3: Alta | D3: Un sistema de vigilancia que muestra cifras incorrectas lleva a decisiones sanitarias erróneas; la corrección de los conteos es el requisito central. | E3: Corrección funcional | F3: seleccionada | G3: IF-02
A4: IF | B4: Idoneidad funcional | C4: Alta | D4: Un sistema de vigilancia que muestra cifras incorrectas lleva a decisiones sanitarias erróneas; la corrección de los conteos es el requisito central. | E4: Pertinencia funcional | F4: seleccionada | G4: IF-03
A5: ED | B5: Eficiencia de desempeño | C5: Media | D5: El personal de epidemiología de establecimientos amazónicos trabaja con conexiones móviles lentas; la carga y la respuesta a filtros deben ser rápidas. | E5: Comportamiento temporal | F5: seleccionada | G5: ED-01, ED-02
A6: ED | B6: Eficiencia de desempeño | C6: Media | D6: El personal de epidemiología de establecimientos amazónicos trabaja con conexiones móviles lentas; la carga y la respuesta a filtros deben ser rápidas. | E6: Utilización de recursos | F6: seleccionada | G6: ED-03
A7: ED | B7: Eficiencia de desempeño | C7: Media | D7: El personal de epidemiología de establecimientos amazónicos trabaja con conexiones móviles lentas; la carga y la respuesta a filtros deben ser rápidas. | E7: Capacidad | F7: no aplicable | G7: Sitio estático servido por la red de distribución de Vercel; no hay servidor propio ni usuarios concurrentes que limitar.
A8: CO | B8: Compatibilidad | C8: Baja | D8: Los analistas reutilizan los datos en Excel u otros sistemas; basta con que las exportaciones sean interoperables. | E8: Interoperabilidad | F8: seleccionada | G8: CO-01
A9: CO | B9: Compatibilidad | C9: Baja | D9: Los analistas reutilizan los datos en Excel u otros sistemas; basta con que las exportaciones sean interoperables. | E9: Coexistencia | F9: no aplicable | G9: Se ejecuta en el navegador sin compartir recursos con otros productos instalados.
A10: CI | B10: Capacidad de interacción | C10: Alta | D10: Lo usan personas con distinta formación y posibles discapacidades; los errores de uso no deben producir conclusiones falsas. | E10: Operabilidad | F10: seleccionada | G10: CI-01
A11: CI | B11: Capacidad de interacción | C11: Alta | D11: Lo usan personas con distinta formación y posibles discapacidades; los errores de uso no deben producir conclusiones falsas. | E11: Protección contra errores de usuario | F11: seleccionada | G11: CI-02
A12: CI | B12: Capacidad de interacción | C12: Alta | D12: Lo usan personas con distinta formación y posibles discapacidades; los errores de uso no deben producir conclusiones falsas. | E12: Inclusividad | F12: seleccionada | G12: CI-03
... A39: SO | B39: Seguridad operacional | C39: Alta | D39: En salud pública, una cifra mal interpretada puede retrasar una respuesta a un brote; el sistema debe advertir sus límites y fallar de forma segura. | E39: Integración segura | F39: no aplicable | G39: No se integra con otros sistemas en esta versión.

Sheet Métricas
A1: ID | B1: Característica | C1: Subcaracterística | D1: Métrica | E1: Objetivo (G) | F1: Pregunta (Q) | G1: A | H1: B | I1: Fórmula (M) | J1: Unidad | K1: Sentido | L1: Umbral | M1: Requisito | N1: Procedimiento | O1: Herramienta | P1: Responsable
A2: IF-01 | B2: Idoneidad funcional | C2: Completitud funcional | D2: Cobertura de requisitos funcionales | E2: Asegurar que el dashboard ofrece todas las funciones especificadas. | F2: ¿Qué proporción de los requisitos funcionales especificados pasa su prueba de aceptación? | G2: Requisitos funcionales con prueba E2E aprobada | H2: Requisitos funcionales especificados (RF-01 a RF-15) | I2: X = A/B × 100 | J2: % | K2: mayor | L2: 95 | M2: RF-01…RF-15 | N2: evaluacion/pruebas/funcional.spec.js (un caso por RF) | O2: Playwright 1.64 (Chromium) | P2: Chura Monroy, Daniel Wilston
A3: IF-02 | B3: Idoneidad funcional | C3: Corrección funcional | D3: Exactitud frente al oráculo oficial | E3: Verificar que cada cifra mostrada coincide con la calculada directamente de los CSV del MINSA. | F3: ¿Qué proporción de los valores verificados coincide con el oráculo independiente? | G3: Valores mostrados iguales al oráculo | H3: Valores verificados (8 escenarios × campos) | I3: X = A/B × 100 | J3: % | K3: mayor | L3: 100 | M3: RNF-01 exactitud | N3: evaluacion/oraculo.py + evaluacion/pruebas/oraculo.spec.js | O3: Python 3.12 + Playwright | P3: Chura Monroy, Daniel Wilston
A4: IF-03 | B4: Idoneidad funcional | C4: Pertinencia funcional | D4: Cobertura de las dimensiones de vigilancia | E4: Comprobar que el producto responde a las preguntas de la vigilancia: tiempo, lugar y persona. | F4: ¿Qué proporción de las dimensiones de análisis epidemiológico ofrece el dashboard? | G4: Dimensiones presentes y funcionales | H4: Dimensiones requeridas (tendencia, semana epidemiológica, canal endémico, departamento, distrito, edad, sexo, especie) | I4: X = A/B × 100 | J4: % | K4: mayor | L4: 90 | M4: RNF-02 pertinencia | N4: Lista de verificación automatizada en interaccion.spec.js | O4: Playwright | P4: Chura Monroy, Daniel Wilston
A5: ED-01 | B5: Eficiencia de desempeño | C5: Comportamiento temporal | D5: Largest Contentful Paint (móvil) | E5: Que el contenido principal aparezca rápido incluso con red móvil. | F5: ¿Cuánto tarda en mostrarse el contenido principal en un móvil con red 4G lenta simulada? | G5: LCP mediano de 3 ejecuciones de Lighthouse (perfil móvil) | H5: — | I5: X = valor medido | J5: s | K5: menor | L5: 2.5 | M5: RNF-03 carga | N5: evaluacion/scripts/lighthouse.mjs | O5: Lighthouse 12.8 | P5: Chura Monroy, Daniel Wilston
A6: ED-02 | B6: Eficiencia de desempeño | C6: Comportamiento temporal | D6: Tiempo de respuesta a filtros | E6: Que el análisis interactivo sea fluido. | F6: ¿Cuánto tarda el dashboard en volver a dibujarse tras cambiar un filtro? | G6: Mediana de 20 cambios de filtro (ms, hasta el siguiente cuadro pintado) | H6: — | I6: X = valor medido | J6: ms | K6: menor | L6: 200 | M6: RNF-03 respuesta | N6: evaluacion/pruebas/rendimiento.spec.js | O6: Playwright + Performance API | P6: Chura Monroy, Daniel Wilston
A7: ED-03 | B7: Eficiencia de desempeño | C7: Utilización de recursos | D7: Peso transferido en la carga inicial | E7: Limitar el consumo de datos móviles. | F7: ¿Cuántos KB descarga el navegador para mostrar el dashboard? | G7: total-byte-weight de Lighthouse (KB, mediana) | H7: — | I7: X = valor medido | J7: KB | K7: menor | L7: 1000 | M7: RNF-04 consumo | N7: evaluacion/scripts/lighthouse.mjs | O7: Lighthouse 12.8 | P7: Chura Monroy, Daniel Wilston
A8: CO-01 | B8: Compatibilidad | C8: Interoperabilidad | D8: Exportaciones válidas y consistentes | E8: Permitir reutilizar los datos filtrados en otras herramientas. | F8: ¿Qué proporción de las exportaciones se puede leer con un parser estándar y suma los mismos casos que la interfaz? | G8: Exportaciones válidas y consistentes | H8: Exportaciones probadas (CSV y JSON en 2 escenarios) | I8: X = A/B × 100 | J8: % | K8: mayor | L8: 100 | M8: RF-11 | N8: evaluacion/pruebas/funcional.spec.js (RF-11) | O8: Playwright | P8: Chura Monroy, Daniel Wilston
A9: CI-01 | B9: Capacidad de interacción | C9: Operabilidad | D9: Controles operables con teclado | E9: Que todas las funciones se puedan usar sin ratón. | F9: ¿Qué proporción de los controles interactivos se alcanza y opera solo con teclado? | G9: Controles alcanzados con Tab y operados con Enter/Espacio/flechas | H9: Controles interactivos de la página | I9: X = A/B × 100 | J9: % | K9: mayor | L9: 95 | M9: RNF-05 accesibilidad | N9: evaluacion/pruebas/interaccion.spec.js | O9: Playwright | P9: Lopez Arela, Ower Frank
A10: CI-02 | B10: Capacidad de interacción | C10: Protección contra errores de usuario | D10: Entradas inválidas controladas | E10: Que un enlace o filtro mal escrito no rompa el sistema ni muestre datos engañosos. | F10: ¿Qué proporción de entradas inválidas se rechaza con aviso y valores por defecto? | G10: Casos inválidos controlados con aviso | H10: Casos inválidos probados | I10: X = A/B × 100 | J10: % | K10: mayor | L10: 100 | M10: RNF-06 | N10: evaluacion/pruebas/interaccion.spec.js | O10: Playwright | P10: Lopez Arela, Ower Frank
A11: CI-03 | B11: Capacidad de interacción | C11: Inclusividad | D11: Violaciones WCAG graves | E11: Que personas con discapacidad puedan usar el sistema (WCAG 2.2 AA). | F11: ¿Cuántas violaciones críticas o serias detecta axe-core en las vistas evaluadas? | G11: Vistas sin violaciones críticas ni serias | H11: Vistas evaluadas (dashboard ES, EN, filtrado y tablero de calidad) | I11: X = A/B × 100 | J11: % | K11: mayor | L11: 100 | M11: RNF-05 accesibilidad | N11: evaluacion/pruebas/accesibilidad.spec.js | O11: axe-core 4 + Playwright | P11: Lopez Arela, Ower Frank
A12: CI-04 | B12: Capacidad de interacción | C12: Autodescriptividad | D12: Gráficos con alternativa textual | E12: Que cada gráfico se explique por sí mismo y tenga un equivalente en texto o tabla. | F12: ¿Qué proporción de los gráficos tiene descripción accesible y datos consultables? | G12: Gráficos con etiqueta accesible y tabla o lista equivalente | H12: Gráficos del dashboard | I12: X = A/B × 100 | J12: % | K12: mayor | L12: 100 | M12: RNF-05 | N12: evaluacion/pruebas/interaccion.spec.js | O12: Playwright | P12: Lopez Arela, Ower Frank
A13: FI-01 | B13: Fiabilidad | C13: Ausencia de fallos | D13: Ejecuciones sin errores de JavaScript | E13: Que el uso normal no produzca errores. | F13: ¿Qué proporción de las combinaciones navegador × pantalla recorre todo el dashboard sin errores de consola? | G13: Combinaciones sin errores | H13: Combinaciones probadas (3 navegadores × 3 pantallas) | I13: X = A/B × 100 | J13: % | K13: mayor | L13: 100 | M13: RNF-07 | N13: evaluacion/pruebas/adaptabilidad.spec.js | O13: Playwright (Chromium, Firefox, WebKit) | P13: Lopez Arela, Ower Frank
... A26: SO-03 | B26: Seguridad operacional | C26: Identificación de riesgos | D26: Limitaciones de la fuente señaladas | E26: Que el usuario conozca los límites de los datos antes de interpretarlos. | F26: ¿Qué proporción de las limitaciones conocidas de la fuente se señala en la interfaz? | G26: Limitaciones señaladas | H26: Limitaciones conocidas (cambio de fuente 2009, edad no disponible antes de 2009, casos no son tasas, canal endémico sin años suficientes) | I26: X = A/B × 100 | J26: % | K26: mayor | L26: 100 | M26: RNF-14 | N26: evaluacion/pruebas/interaccion.spec.js | O26: Playwright | P26: Lopez Arela, Ower Frank

Sheet Registro
A1: ID métrica | B1: Característica | C1: Subcaracterística | D1: Requisito | E1: Caso / procedimiento | F1: Corrida | G1: Versión | H1: Fecha | I1: Entorno / navegador | J1: Datos utilizados | K1: Tipo | L1: A | M1: B | N1: Fórmula | O1: Resultado X | P1: Unidad | Q1: Sentido | R1: Umbral | S1: Estado | T1: Puntaje | U1: Categoría | V1: Evidencia | W1: Responsable | X1: Incidente | Y1: Decisión | Z1: Observaciones
A2: IF-01 | B2: Idoneidad funcional | C2: Completitud funcional | D2: RF-01…RF-15 | E2: evaluacion/pruebas/funcional.spec.js (un caso por RF) | F2: 01 | G2: v1.0 (e2ec6c9) | H2: 2026-10-27T05:09:45.825Z | I2: Windows_NT 10.0.26300 · Node v22.14.0 · Playwright Version 1.64.1 · Lighthouse 12.8.2 | J2: datos_abiertos_vigilancia_malaria_2000_2008.csv sha256:749d8897e94255d0; datos_abiertos_vigilancia_malaria_2009_2025.csv sha256:084ef118bd67753d | K2: proporcion | L2: 14 | M2: 15 | N2: X = A / B × 100 | O2: =IF(L2="","",IF(K2="proporcion",ROUND(L2/M2*100,2),L2)) -> 93.33 | P2: % | Q2: mayor | R2: 95 | S2: =IF(O2="","Pendiente",IF(Q2="mayor",IF(O2>=R2,"Aprobado","Rechazado"),IF(O2<=R2,"Aprobado","Rechazado"))) -> Rechazado | T2: =IF(O2="","",IF(K2="proporcion",O2,MIN(100,ROUND(100*R2/MAX(O2,0.000001),2)))) -> 93.33 | U2: =IF(T2="","",IF(T2<40,"No aceptable",IF(T2<60,"Mínimamente aceptable",IF(T2<90,"Rango objetivo","Supera los requisitos")))) -> Supera los requisitos | V2: evaluacion/resultados/corrida-01/playwright.json, reporte-html/ | W2: Chura Monroy, Daniel Wilston | X2: INC-04 | Y2: El script usa ahora #fEsp button[data-v=…], acotado al grupo de filtros.
A3: IF-01 | B3: Idoneidad funcional | C3: Completitud funcional | D3: RF-01…RF-15 | E3: evaluacion/pruebas/funcional.spec.js (un caso por RF) | F3: 02 | G3: v1.1 (a63333f) | H3: 2026-10-27T05:22:39.464Z | I3: Windows_NT 10.0.26300 · Node v22.14.0 · Playwright Version 1.64.1 · Lighthouse 12.8.2 | J3: datos_abiertos_vigilancia_malaria_2000_2008.csv sha256:749d8897e94255d0; datos_abiertos_vigilancia_malaria_2009_2025.csv sha256:084ef118bd67753d | K3: proporcion | L3: 15 | M3: 15 | N3: X = A / B × 100 | O3: =IF(L3="","",IF(K3="proporcion",ROUND(L3/M3*100,2),L3)) -> 100 | P3: % | Q3: mayor | R3: 95 | S3: =IF(O3="","Pendiente",IF(Q3="mayor",IF(O3>=R3,"Aprobado","Rechazado"),IF(O3<=R3,"Aprobado","Rechazado"))) -> Aprobado | T3: =IF(O3="","",IF(K3="proporcion",O3,MIN(100,ROUND(100*R3/MAX(O3,0.000001),2)))) -> 100 | U3: =IF(T3="","",IF(T3<40,"No aceptable",IF(T3<60,"Mínimamente aceptable",IF(T3<90,"Rango objetivo","Supera los requisitos")))) -> Supera los requisitos | V3: evaluacion/resultados/corrida-02/playwright.json, reporte-html/ | W3: Chura Monroy, Daniel Wilston | Y3: Aceptar
A4: IF-01 | B4: Idoneidad funcional | C4: Completitud funcional | D4: RF-01…RF-15 | E4: evaluacion/pruebas/funcional.spec.js (un caso por RF) | F4: 03 | G4: v1.2 (ecfaca3) | H4: 2026-10-27T11:13:27.260Z | I4: Windows_NT 10.0.26300 · Node v22.14.0 · Playwright Version 1.64.1 · Lighthouse 12.8.2 | J4: datos_abiertos_vigilancia_malaria_2000_2008.csv sha256:749d8897e94255d0; datos_abiertos_vigilancia_malaria_2009_2025.csv sha256:084ef118bd67753d | K4: proporcion | L4: 15 | M4: 15 | N4: X = A / B × 100 | O4: =IF(L4="","",IF(K4="proporcion",ROUND(L4/M4*100,2),L4)) -> 100 | P4: % | Q4: mayor | R4: 95 | S4: =IF(O4="","Pendiente",IF(Q4="mayor",IF(O4>=R4,"Aprobado","Rechazado"),IF(O4<=R4,"Aprobado","Rechazado"))) -> Aprobado | T4: =IF(O4="","",IF(K4="proporcion",O4,MIN(100,ROUND(100*R4/MAX(O4,0.000001),2)))) -> 100 | U4: =IF(T4="","",IF(T4<40,"No aceptable",IF(T4<60,"Mínimamente aceptable",IF(T4<90,"Rango objetivo","Supera los requisitos")))) -> Supera los requisitos | V4: evaluacion/resultados/corrida-03/playwright.json, reporte-html/ | W4: Chura Monroy, Daniel Wilston | Y4: Aceptar
A5: IF-01 | B5: Idoneidad funcional | C5: Completitud funcional | D5: RF-01…RF-15 | E5: evaluacion/pruebas/funcional.spec.js (un caso por RF) | F5: 04 | G5: v1.3 (1219f7a) | H5: 2026-10-27T11:22:57.351Z | I5: Windows_NT 10.0.26300 · Node v22.14.0 · Playwright Version 1.64.1 · Lighthouse 12.8.2 | J5: datos_abiertos_vigilancia_malaria_2000_2008.csv sha256:749d8897e94255d0; datos_abiertos_vigilancia_malaria_2009_2025.csv sha256:084ef118bd67753d | K5: proporcion | L5: 15 | M5: 15 | N5: X = A / B × 100 | O5: =IF(L5="","",IF(K5="proporcion",ROUND(L5/M5*100,2),L5)) -> 100 | P5: % | Q5: mayor | R5: 95 | S5: =IF(O5="","Pendiente",IF(Q5="mayor",IF(O5>=R5,"Aprobado","Rechazado"),IF(O5<=R5,"Aprobado","Rechazado"))) -> Aprobado | T5: =IF(O5="","",IF(K5="proporcion",O5,MIN(100,ROUND(100*R5/MAX(O5,0.000001),2)))) -> 100 | U5: =IF(T5="","",IF(T5<40,"No aceptable",IF(T5<60,"Mínimamente aceptable",IF(T5<90,"Rango objetivo","Supera los requisitos")))) -> Supera los requisitos | V5: evaluacion/resultados/corrida-04/playwright.json, reporte-html/ | W5: Chura Monroy, Daniel Wilston | Y5: Aceptar
A6: IF-01 | B6: Idoneidad funcional | C6: Completitud funcional | D6: RF-01…RF-15 | E6: evaluacion/pruebas/funcional.spec.js (un caso por RF) | F6: 05 | G6: v1.4 (ecd9c46) | H6: 2026-10-27T11:34:29.914Z | I6: Windows_NT 10.0.26300 · Node v22.14.0 · Playwright Version 1.64.1 · Lighthouse 12.8.2 | J6: datos_abiertos_vigilancia_malaria_2000_2008.csv sha256:749d8897e94255d0; datos_abiertos_vigilancia_malaria_2009_2025.csv sha256:084ef118bd67753d | K6: proporcion | L6: 15 | M6: 15 | N6: X = A / B × 100 | O6: =IF(L6="","",IF(K6="proporcion",ROUND(L6/M6*100,2),L6)) -> 100 | P6: % | Q6: mayor | R6: 95 | S6: =IF(O6="","Pendiente",IF(Q6="mayor",IF(O6>=R6,"Aprobado","Rechazado"),IF(O6<=R6,"Aprobado","Rechazado"))) -> Aprobado | T6: =IF(O6="","",IF(K6="proporcion",O6,MIN(100,ROUND(100*R6/MAX(O6,0.000001),2)))) -> 100 | U6: =IF(T6="","",IF(T6<40,"No aceptable",IF(T6<60,"Mínimamente aceptable",IF(T6<90,"Rango objetivo","Supera los requisitos")))) -> Supera los requisitos | V6: evaluacion/resultados/corrida-05/playwright.json, reporte-html/ | W6: Chura Monroy, Daniel Wilston | Y6: Aceptar
A7: IF-01 | B7: Idoneidad funcional | C7: Completitud funcional | D7: RF-01…RF-15 | E7: evaluacion/pruebas/funcional.spec.js (un caso por RF) | F7: 06 | G7: v1.5 (2aca5a2) | H7: 2026-10-27T11:44:29.601Z | I7: Windows_NT 10.0.26300 · Node v22.14.0 · Playwright Version 1.64.1 · Lighthouse 12.8.2 | J7: datos_abiertos_vigilancia_malaria_2000_2008.csv sha256:749d8897e94255d0; datos_abiertos_vigilancia_malaria_2009_2025.csv sha256:084ef118bd67753d | K7: proporcion | L7: 15 | M7: 15 | N7: X = A / B × 100 | O7: =IF(L7="","",IF(K7="proporcion",ROUND(L7/M7*100,2),L7)) -> 100 | P7: % | Q7: mayor | R7: 95 | S7: =IF(O7="","Pendiente",IF(Q7="mayor",IF(O7>=R7,"Aprobado","Rechazado"),IF(O7<=R7,"Aprobado","Rechazado"))) -> Aprobado | T7: =IF(O7="","",IF(K7="proporcion",O7,MIN(100,ROUND(100*R7/MAX(O7,0.000001),2)))) -> 100 | U7: =IF(T7="","",IF(T7<40,"No aceptable",IF(T7<60,"Mínimamente aceptable",IF(T7<90,"Rango objetivo","Supera los requisitos")))) -> Supera los requisitos | V7: evaluacion/resultados/corrida-06/playwright.json, reporte-html/ | W7: Chura Monroy, Daniel Wilston | Y7: Aceptar
A8: IF-01 | B8: Idoneidad funcional | C8: Completitud funcional | D8: RF-01…RF-15 | E8: evaluacion/pruebas/funcional.spec.js (un caso por RF) | F8: 07 | G8: v1.6 (f47b30f) | H8: 2026-10-27T11:55:54.129Z | I8: Windows_NT 10.0.26300 · Node v22.14.0 · Playwright Version 1.64.1 · Lighthouse 12.8.2 | J8: datos_abiertos_vigilancia_malaria_2000_2008.csv sha256:749d8897e94255d0; datos_abiertos_vigilancia_malaria_2009_2025.csv sha256:084ef118bd67753d | K8: proporcion | L8: 15 | M8: 15 | N8: X = A / B × 100 | O8: =IF(L8="","",IF(K8="proporcion",ROUND(L8/M8*100,2),L8)) -> 100 | P8: % | Q8: mayor | R8: 95 | S8: =IF(O8="","Pendiente",IF(Q8="mayor",IF(O8>=R8,"Aprobado","Rechazado"),IF(O8<=R8,"Aprobado","Rechazado"))) -> Aprobado | T8: =IF(O8="","",IF(K8="proporcion",O8,MIN(100,ROUND(100*R8/MAX(O8,0.000001),2)))) -> 100 | U8: =IF(T8="","",IF(T8<40,"No aceptable",IF(T8<60,"Mínimamente aceptable",IF(T8<90,"Rango objetivo","Supera los requisitos")))) -> Supera los requisitos | V8: evaluacion/resultados/corrida-07/playwright.json, reporte-html/ | W8: Chura Monroy, Daniel Wilston | X8: INC-21 | Y8: Se agregaron las versiones en inglés en modelo.json y requisitos.json y un diccionario de motivos en i18n.js, y el tablero y el dashboard las usan. El barrido ya no encuentra textos de interfaz en español; quedan solo nombres propios, como el título oficial del conjunto de datos y los topónimos. Se recomienda incorporar ese barrido a la prueba de RF-13. Se verifica en la corrida 08.
A9: IF-01 | B9: Idoneidad funcional | C9: Completitud funcional | D9: RF-01…RF-15 | E9: evaluacion/pruebas/funcional.spec.js (un caso por RF) | F9: 08 | G9: v1.7 (b0ac637) | H9: 2026-10-27T12:06:18.210Z | I9: Windows_NT 10.0.26300 · Node v22.14.0 · Playwright Version 1.64.1 · Lighthouse 12.8.2 | J9: datos_abiertos_vigilancia_malaria_2000_2008.csv sha256:749d8897e94255d0; datos_abiertos_vigilancia_malaria_2009_2025.csv sha256:084ef118bd67753d | K9: proporcion | L9: 15 | M9: 15 | N9: X = A / B × 100 | O9: =IF(L9="","",IF(K9="proporcion",ROUND(L9/M9*100,2),L9)) -> 100 | P9: % | Q9: mayor | R9: 95 | S9: =IF(O9="","Pendiente",IF(Q9="mayor",IF(O9>=R9,"Aprobado","Rechazado"),IF(O9<=R9,"Aprobado","Rechazado"))) -> Aprobado | T9: =IF(O9="","",IF(K9="proporcion",O9,MIN(100,ROUND(100*R9/MAX(O9,0.000001),2)))) -> 100 | U9: =IF(T9="","",IF(T9<40,"No aceptable",IF(T9<60,"Mínimamente aceptable",IF(T9<90,"Rango objetivo","Supera los requisitos")))) -> Supera los requisitos | V9: evaluacion/resultados/corrida-08/playwright.json, reporte-html/ | W9: Chura Monroy, Daniel Wilston | X9: INC-22 | Y9: El tablero traduce la prioridad (High, Medium, Low). Se amplió el barrido con todos los valores enumerados del modelo (prioridad, estado, origen), y ya no encuentra restos. Se verifica en la corrida 09.
A10: IF-01 | B10: Idoneidad funcional | C10: Completitud funcional | D10: RF-01…RF-15 | E10: evaluacion/pruebas/funcional.spec.js (un caso por RF) | F10: 09 | G10: v1.8 (ed65ebc) | H10: 2026-10-27T12:16:43.263Z | I10: Windows_NT 10.0.26300 · Node v22.14.0 · Playwright Version 1.64.1 · Lighthouse 12.8.2 | J10: datos_abiertos_vigilancia_malaria_2000_2008.csv sha256:749d8897e94255d0; datos_abiertos_vigilancia_malaria_2009_2025.csv sha256:084ef118bd67753d | K10: proporcion | L10: 15 | M10: 15 | N10: X = A / B × 100 | O10: =IF(L10="","",IF(K10="proporcion",ROUND(L10/M10*100,2),L10)) -> 100 | P10: % | Q10: mayor | R10: 95 | S10: =IF(O10="","Pendiente",IF(Q10="mayor",IF(O10>=R10,"Aprobado","Rechazado"),IF(O10<=R10,"Aprobado","Rechazado"))) -> Aprobado | T10: =IF(O10="","",IF(K10="proporcion",O10,MIN(100,ROUND(100*R10/MAX(O10,0.000001),2)))) -> 100 | U10: =IF(T10="","",IF(T10<40,"No aceptable",IF(T10<60,"Mínimamente aceptable",IF(T10<90,"Rango objetivo","Supera los requisitos")))) -> Supera los requisitos | V10: evaluacion/resultados/corrida-09/playwright.json, reporte-html/ | W10: Chura Monroy, Daniel Wilston | Y10: Aceptar
A11: IF-02 | B11: Idoneidad funcional | C11: Corrección funcional | D11: RNF-01 exactitud | E11: evaluacion/oraculo.py + evaluacion/pruebas/oraculo.spec.js | F11: 01 | G11: v1.0 (e2ec6c9) | H11: 2026-10-27T05:09:45.825Z | I11: Windows_NT 10.0.26300 · Node v22.14.0 · Playwright Version 1.64.1 · Lighthouse 12.8.2 | J11: datos_abiertos_vigilancia_malaria_2000_2008.csv sha256:749d8897e94255d0; datos_abiertos_vigilancia_malaria_2009_2025.csv sha256:084ef118bd67753d | K11: proporcion | L11: 84 | M11: 84 | N11: X = A / B × 100 | O11: =IF(L11="","",IF(K11="proporcion",ROUND(L11/M11*100,2),L11)) -> 100 | P11: % | Q11: mayor | R11: 100 | S11: =IF(O11="","Pendiente",IF(Q11="mayor",IF(O11>=R11,"Aprobado","Rechazado"),IF(O11<=R11,"Aprobado","Rechazado"))) -> Aprobado | T11: =IF(O11="","",IF(K11="proporcion",O11,MIN(100,ROUND(100*R11/MAX(O11,0.000001),2)))) -> 100 | U11: =IF(T11="","",IF(T11<40,"No aceptable",IF(T11<60,"Mínimamente aceptable",IF(T11<90,"Rango objetivo","Supera los requisitos")))) -> Supera los requisitos | V11: evaluacion/resultados/corrida-01/if02-oraculo.json | W11: Chura Monroy, Daniel Wilston | Y11: Aceptar
A12: IF-02 | B12: Idoneidad funcional | C12: Corrección funcional | D12: RNF-01 exactitud | E12: evaluacion/oraculo.py + evaluacion/pruebas/oraculo.spec.js | F12: 02 | G12: v1.1 (a63333f) | H12: 2026-10-27T05:22:39.464Z | I12: Windows_NT 10.0.26300 · Node v22.14.0 · Playwright Version 1.64.1 · Lighthouse 12.8.2 | J12: datos_abiertos_vigilancia_malaria_2000_2008.csv sha256:749d8897e94255d0; datos_abiertos_vigilancia_malaria_2009_2025.csv sha256:084ef118bd67753d | K12: proporcion | L12: 84 | M12: 84 | N12: X = A / B × 100 | O12: =IF(L12="","",IF(K12="proporcion",ROUND(L12/M12*100,2),L12)) -> 100 | P12: % | Q12: mayor | R12: 100 | S12: =IF(O12="","Pendiente",IF(Q12="mayor",IF(O12>=R12,"Aprobado","Rechazado"),IF(O12<=R12,"Aprobado","Rechazado"))) -> Aprobado | T12: =IF(O12="","",IF(K12="proporcion",O12,MIN(100,ROUND(100*R12/MAX(O12,0.000001),2)))) -> 100 | U12: =IF(T12="","",IF(T12<40,"No aceptable",IF(T12<60,"Mínimamente aceptable",IF(T12<90,"Rango objetivo","Supera los requisitos")))) -> Supera los requisitos | V12: evaluacion/resultados/corrida-02/if02-oraculo.json | W12: Chura Monroy, Daniel Wilston | Y12: Aceptar
A13: IF-02 | B13: Idoneidad funcional | C13: Corrección funcional | D13: RNF-01 exactitud | E13: evaluacion/oraculo.py + evaluacion/pruebas/oraculo.spec.js | F13: 03 | G13: v1.2 (ecfaca3) | H13: 2026-10-27T11:13:27.260Z | I13: Windows_NT 10.0.26300 · Node v22.14.0 · Playwright Version 1.64.1 · Lighthouse 12.8.2 | J13: datos_abiertos_vigilancia_malaria_2000_2008.csv sha256:749d8897e94255d0; datos_abiertos_vigilancia_malaria_2009_2025.csv sha256:084ef118bd67753d | K13: proporcion | L13: 84 | M13: 84 | N13: X = A / B × 100 | O13: =IF(L13="","",IF(K13="proporcion",ROUND(L13/M13*100,2),L13)) -> 100 | P13: % | Q13: mayor | R13: 100 | S13: =IF(O13="","Pendiente",IF(Q13="mayor",IF(O13>=R13,"Aprobado","Rechazado"),IF(O13<=R13,"Aprobado","Rechazado"))) -> Aprobado | T13: =IF(O13="","",IF(K13="proporcion",O13,MIN(100,ROUND(100*R13/MAX(O13,0.000001),2)))) -> 100 | U13: =IF(T13="","",IF(T13<40,"No aceptable",IF(T13<60,"Mínimamente aceptable",IF(T13<90,"Rango objetivo","Supera los requisitos")))) -> Supera los requisitos | V13: evaluacion/resultados/corrida-03/if02-oraculo.json | W13: Chura Monroy, Daniel Wilston | Y13: Aceptar
A14: IF-02 | B14: Idoneidad funcional | C14: Corrección funcional | D14: RNF-01 exactitud | E14: evaluacion/oraculo.py + evaluacion/pruebas/oraculo.spec.js | F14: 04 | G14: v1.3 (1219f7a) | H14: 2026-10-27T11:22:57.351Z | I14: Windows_NT 10.0.26300 · Node v22.14.0 · Playwright Version 1.64.1 · Lighthouse 12.8.2 | J14: datos_abiertos_vigilancia_malaria_2000_2008.csv sha256:749d8897e94255d0; datos_abiertos_vigilancia_malaria_2009_2025.csv sha256:084ef118bd67753d | K14: proporcion | L14: 84 | M14: 84 | N14: X = A / B × 100 | O14: =IF(L14="","",IF(K14="proporcion",ROUND(L14/M14*100,2),L14)) -> 100 | P14: % | Q14: mayor | R14: 100 | S14: =IF(O14="","Pendiente",IF(Q14="mayor",IF(O14>=R14,"Aprobado","Rechazado"),IF(O14<=R14,"Aprobado","Rechazado"))) -> Aprobado | T14: =IF(O14="","",IF(K14="proporcion",O14,MIN(100,ROUND(100*R14/MAX(O14,0.000001),2)))) -> 100 | U14: =IF(T14="","",IF(T14<40,"No aceptable",IF(T14<60,"Mínimamente aceptable",IF(T14<90,"Rango objetivo","Supera los requisitos")))) -> Supera los requisitos | V14: evaluacion/resultados/corrida-04/if02-oraculo.json | W14: Chura Monroy, Daniel Wilston | Y14: Aceptar
A15: IF-02 | B15: Idoneidad funcional | C15: Corrección funcional | D15: RNF-01 exactitud | E15: evaluacion/oraculo.py + evaluacion/pruebas/oraculo.spec.js | F15: 05 | G15: v1.4 (ecd9c46) | H15: 2026-10-27T11:34:29.914Z | I15: Windows_NT 10.0.26300 · Node v22.14.0 · Playwright Version 1.64.1 · Lighthouse 12.8.2 | J15: datos_abiertos_vigilancia_malaria_2000_2008.csv sha256:749d8897e94255d0; datos_abiertos_vigilancia_malaria_2009_2025.csv sha256:084ef118bd67753d | K15: proporcion | L15: 84 | M15: 84 | N15: X = A / B × 100 | O15: =IF(L15="","",IF(K15="proporcion",ROUND(L15/M15*100,2),L15)) -> 100 | P15: % | Q15: mayor | R15: 100 | S15: =IF(O15="","Pendiente",IF(Q15="mayor",IF(O15>=R15,"Aprobado","Rechazado"),IF(O15<=R15,"Aprobado","Rechazado"))) -> Aprobado | T15: =IF(O15="","",IF(K15="proporcion",O15,MIN(100,ROUND(100*R15/MAX(O15,0.000001),2)))) -> 100 | U15: =IF(T15="","",IF(T15<40,"No aceptable",IF(T15<60,"Mínimamente aceptable",IF(T15<90,"Rango objetivo","Supera los requisitos")))) -> Supera los requisitos | V15: evaluacion/resultados/corrida-05/if02-oraculo.json | W15: Chura Monroy, Daniel Wilston | Y15: Aceptar
A16: IF-02 | B16: Idoneidad funcional | C16: Corrección funcional | D16: RNF-01 exactitud | E16: evaluacion/oraculo.py + evaluacion/pruebas/oraculo.spec.js | F16: 06 | G16: v1.5 (2aca5a2) | H16: 2026-10-27T11:44:29.601Z | I16: Windows_NT 10.0.26300 · Node v22.14.0 · Playwright Version 1.64.1 · Lighthouse 12.8.2 | J16: datos_abiertos_vigilancia_malaria_2000_2008.csv sha256:749d8897e94255d0; datos_abiertos_vigilancia_malaria_2009_2025.csv sha256:084ef118bd67753d | K16: proporcion | L16: 84 | M16: 84 | N16: X = A / B × 100 | O16: =IF(L16="","",IF(K16="proporcion",ROUND(L16/M16*100,2),L16)) -> 100 | P16: % | Q16: mayor | R16: 100 | S16: =IF(O16="","Pendiente",IF(Q16="mayor",IF(O16>=R16,"Aprobado","Rechazado"),IF(O16<=R16,"Aprobado","Rechazado"))) -> Aprobado | T16: =IF(O16="","",IF(K16="proporcion",O16,MIN(100,ROUND(100*R16/MAX(O16,0.000001),2)))) -> 100 | U16: =IF(T16="","",IF(T16<40,"No aceptable",IF(T16<60,"Mínimamente aceptable",IF(T16<90,"Rango objetivo","Supera los requisitos")))) -> Supera los requisitos | V16: evaluacion/resultados/corrida-06/if02-oraculo.json | W16: Chura Monroy, Daniel Wilston | Y16: Aceptar
A17: IF-02 | B17: Idoneidad funcional | C17: Corrección funcional | D17: RNF-01 exactitud | E17: evaluacion/oraculo.py + evaluacion/pruebas/oraculo.spec.js | F17: 07 | G17: v1.6 (f47b30f) | H17: 2026-10-27T11:55:54.129Z | I17: Windows_NT 10.0.26300 · Node v22.14.0 · Playwright Version 1.64.1 · Lighthouse 12.8.2 | J17: datos_abiertos_vigilancia_malaria_2000_2008.csv sha256:749d8897e94255d0; datos_abiertos_vigilancia_malaria_2009_2025.csv sha256:084ef118bd67753d | K17: proporcion | L17: 84 | M17: 84 | N17: X = A / B × 100 | O17: =IF(L17="","",IF(K17="proporcion",ROUND(L17/M17*100,2),L17)) -> 100 | P17: % | Q17: mayor | R17: 100 | S17: =IF(O17="","Pendiente",IF(Q17="mayor",IF(O17>=R17,"Aprobado","Rechazado"),IF(O17<=R17,"Aprobado","Rechazado"))) -> Aprobado | T17: =IF(O17="","",IF(K17="proporcion",O17,MIN(100,ROUND(100*R17/MAX(O17,0.000001),2)))) -> 100 | U17: =IF(T17="","",IF(T17<40,"No aceptable",IF(T17<60,"Mínimamente aceptable",IF(T17<90,"Rango objetivo","Supera los requisitos")))) -> Supera los requisitos | V17: evaluacion/resultados/corrida-07/if02-oraculo.json | W17: Chura Monroy, Daniel Wilston | Y17: Aceptar
A18: IF-02 | B18: Idoneidad funcional | C18: Corrección funcional | D18: RNF-01 exactitud | E18: evaluacion/oraculo.py + evaluacion/pruebas/oraculo.spec.js | F18: 08 | G18: v1.7 (b0ac637) | H18: 2026-10-27T12:06:18.210Z | I18: Windows_NT 10.0.26300 · Node v22.14.0 · Playwright Version 1.64.1 · Lighthouse 12.8.2 | J18: datos_abiertos_vigilancia_malaria_2000_2008.csv sha256:749d8897e94255d0; datos_abiertos_vigilancia_malaria_2009_2025.csv sha256:084ef118bd67753d | K18: proporcion | L18: 84 | M18: 84 | N18: X = A / B × 100 | O18: =IF(L18="","",IF(K18="proporcion",ROUND(L18/M18*100,2),L18)) -> 100 | P18: % | Q18: mayor | R18: 100 | S18: =IF(O18="","Pendiente",IF(Q18="mayor",IF(O18>=R18,"Aprobado","Rechazado"),IF(O18<=R18,"Aprobado","Rechazado"))) -> Aprobado | T18: =IF(O18="","",IF(K18="proporcion",O18,MIN(100,ROUND(100*R18/MAX(O18,0.000001),2)))) -> 100 | U18: =IF(T18="","",IF(T18<40,"No aceptable",IF(T18<60,"Mínimamente aceptable",IF(T18<90,"Rango objetivo","Supera los requisitos")))) -> Supera los requisitos | V18: evaluacion/resultados/corrida-08/if02-oraculo.json | W18: Chura Monroy, Daniel Wilston | Y18: Aceptar
A19: IF-02 | B19: Idoneidad funcional | C19: Corrección funcional | D19: RNF-01 exactitud | E19: evaluacion/oraculo.py + evaluacion/pruebas/oraculo.spec.js | F19: 09 | G19: v1.8 (ed65ebc) | H19: 2026-10-27T12:16:43.263Z | I19: Windows_NT 10.0.26300 · Node v22.14.0 · Playwright Version 1.64.1 · Lighthouse 12.8.2 | J19: datos_abiertos_vigilancia_malaria_2000_2008.csv sha256:749d8897e94255d0; datos_abiertos_vigilancia_malaria_2009_2025.csv sha256:084ef118bd67753d | K19: proporcion | L19: 84 | M19: 84 | N19: X = A / B × 100 | O19: =IF(L19="","",IF(K19="proporcion",ROUND(L19/M19*100,2),L19)) -> 100 | P19: % | Q19: mayor | R19: 100 | S19: =IF(O19="","Pendiente",IF(Q19="mayor",IF(O19>=R19,"Aprobado","Rechazado"),IF(O19<=R19,"Aprobado","Rechazado"))) -> Aprobado | T19: =IF(O19="","",IF(K19="proporcion",O19,MIN(100,ROUND(100*R19/MAX(O19,0.000001),2)))) -> 100 | U19: =IF(T19="","",IF(T19<40,"No aceptable",IF(T19<60,"Mínimamente aceptable",IF(T19<90,"Rango objetivo","Supera los requisitos")))) -> Supera los requisitos | V19: evaluacion/resultados/corrida-09/if02-oraculo.json | W19: Chura Monroy, Daniel Wilston | Y19: Aceptar
A20: IF-03 | B20: Idoneidad funcional | C20: Pertinencia funcional | D20: RNF-02 pertinencia | E20: Lista de verificación automatizada en interaccion.spec.js | F20: 01 | G20: v1.0 (e2ec6c9) | H20: 2026-10-27T05:09:45.825Z | I20: Windows_NT 10.0.26300 · Node v22.14.0 · Playwright Version 1.64.1 · Lighthouse 12.8.2 | J20: datos_abiertos_vigilancia_malaria_2000_2008.csv sha256:749d8897e94255d0; datos_abiertos_vigilancia_malaria_2009_2025.csv sha256:084ef118bd67753d | K20: proporcion | L20: 8 | M20: 8 | N20: X = A / B × 100 | O20: =IF(L20="","",IF(K20="proporcion",ROUND(L20/M20*100,2),L20)) -> 100 | P20: % | Q20: mayor | R20: 90 | S20: =IF(O20="","Pendiente",IF(Q20="mayor",IF(O20>=R20,"Aprobado","Rechazado"),IF(O20<=R20,"Aprobado","Rechazado"))) -> Aprobado | T20: =IF(O20="","",IF(K20="proporcion",O20,MIN(100,ROUND(100*R20/MAX(O20,0.000001),2)))) -> 100 | U20: =IF(T20="","",IF(T20<40,"No aceptable",IF(T20<60,"Mínimamente aceptable",IF(T20<90,"Rango objetivo","Supera los requisitos")))) -> Supera los requisitos | V20: evaluacion/resultados/corrida-01/interaccion.json, capturas/if03-dimensiones.png | W20: Chura Monroy, Daniel Wilston | Y20: Aceptar
A21: IF-03 | B21: Idoneidad funcional | C21: Pertinencia funcional | D21: RNF-02 pertinencia | E21: Lista de verificación automatizada en interaccion.spec.js | F21: 02 | G21: v1.1 (a63333f) | H21: 2026-10-27T05:22:39.464Z | I21: Windows_NT 10.0.26300 · Node v22.14.0 · Playwright Version 1.64.1 · Lighthouse 12.8.2 | J21: datos_abiertos_vigilancia_malaria_2000_2008.csv sha256:749d8897e94255d0; datos_abiertos_vigilancia_malaria_2009_2025.csv sha256:084ef118bd67753d | K21: proporcion | L21: 8 | M21: 8 | N21: X = A / B × 100 | O21: =IF(L21="","",IF(K21="proporcion",ROUND(L21/M21*100,2),L21)) -> 100 | P21: % | Q21: mayor | R21: 90 | S21: =IF(O21="","Pendiente",IF(Q21="mayor",IF(O21>=R21,"Aprobado","Rechazado"),IF(O21<=R21,"Aprobado","Rechazado"))) -> Aprobado | T21: =IF(O21="","",IF(K21="proporcion",O21,MIN(100,ROUND(100*R21/MAX(O21,0.000001),2)))) -> 100 | U21: =IF(T21="","",IF(T21<40,"No aceptable",IF(T21<60,"Mínimamente aceptable",IF(T21<90,"Rango objetivo","Supera los requisitos")))) -> Supera los requisitos | V21: evaluacion/resultados/corrida-02/interaccion.json, capturas/if03-dimensiones.png | W21: Chura Monroy, Daniel Wilston | Y21: Aceptar
... A24: IF-03 | B24: Idoneidad funcional | C24: Pertinencia funcional | D24: RNF-02 pertinencia | E24: Lista de verificación automatizada en interaccion.spec.js | F24: 05 | G24: v1.4 (ecd9c46) | H24: 2026-10-27T11:34:29.914Z | I24: Windows_NT 10.0.26300 · Node v22.14.0 · Playwright Version 1.64.1 · Lighthouse 12.8.2 | J24: datos_abiertos_vigilancia_malaria_2000_2008.csv sha256:749d8897e94255d0; datos_abiertos_vigilancia_malaria_2009_2025.csv sha256:084ef118bd67753d | K24: proporcion | L24: 8 | M24: 8 | N24: X = A / B × 100 | O24: =IF(L24="","",IF(K24="proporcion",ROUND(L24/M24*100,2),L24)) -> 100 | P24: % | Q24: mayor | R24: 90 | S24: =IF(O24="","Pendiente",IF(Q24="mayor",IF(O24>=R24,"Aprobado","Rechazado"),IF(O24<=R24,"Aprobado","Rechazado"))) -> Aprobado | T24: =IF(O24="","",IF(K24="proporcion",O24,MIN(100,ROUND(100*R24/MAX(O24,0.000001),2)))) -> 100 | U24: =IF(T24="","",IF(T24<40,"No aceptable",IF(T24<60,"Mínimamente aceptable",IF(T24<90,"Rango objetivo","Supera los requisitos")))) -> Supera los requisitos | V24: evaluacion/resultados/corrida-05/interaccion.json, capturas/if03-dimensiones.png | W24: Chura Monroy, Daniel Wilston | Y24: Aceptar
A25: IF-03 | B25: Idoneidad funcional | C25: Pertinencia funcional | D25: RNF-02 pertinencia | E25: Lista de verificación automatizada en interaccion.spec.js | F25: 06 | G25: v1.5 (2aca5a2) | H25: 2026-10-27T11:44:29.601Z | I25: Windows_NT 10.0.26300 · Node v22.14.0 · Playwright Version 1.64.1 · Lighthouse 12.8.2 | J25: datos_abiertos_vigilancia_malaria_2000_2008.csv sha256:749d8897e94255d0; datos_abiertos_vigilancia_malaria_2009_2025.csv sha256:084ef118bd67753d | K25: proporcion | L25: 8 | M25: 8 | N25: X = A / B × 100 | O25: =IF(L25="","",IF(K25="proporcion",ROUND(L25/M25*100,2),L25)) -> 100 | P25: % | Q25: mayor | R25: 90 | S25: =IF(O25="","Pendiente",IF(Q25="mayor",IF(O25>=R25,"Aprobado","Rechazado"),IF(O25<=R25,"Aprobado","Rechazado"))) -> Aprobado | T25: =IF(O25="","",IF(K25="proporcion",O25,MIN(100,ROUND(100*R25/MAX(O25,0.000001),2)))) -> 100 | U25: =IF(T25="","",IF(T25<40,"No aceptable",IF(T25<60,"Mínimamente aceptable",IF(T25<90,"Rango objetivo","Supera los requisitos")))) -> Supera los requisitos | V25: evaluacion/resultados/corrida-06/interaccion.json, capturas/if03-dimensiones.png | W25: Chura Monroy, Daniel Wilston | X25: INC-17, INC-19 | Y25: Se verificó que en departamento, provincia y distrito U+FFFD es el único carácter no ASCII y que las 31 palabras afectadas son topónimos con Ñ. El pipeline restituye la Ñ, lista los nombres corregidos en calidad_datos.json y el dashboard lo informa en «Datos y método». Todas las cifras quedaron idénticas (comparación completa de malaria.json antes y después). Se verifica en la corrida 07. La tarjeta usa una disposición apilada (etiqueta sobre valor). Se verifica en la corrida 07.
A26: IF-03 | B26: Idoneidad funcional | C26: Pertinencia funcional | D26: RNF-02 pertinencia | E26: Lista de verificación automatizada en interaccion.spec.js | F26: 07 | G26: v1.6 (f47b30f) | H26: 2026-10-27T11:55:54.129Z | I26: Windows_NT 10.0.26300 · Node v22.14.0 · Playwright Version 1.64.1 · Lighthouse 12.8.2 | J26: datos_abiertos_vigilancia_malaria_2000_2008.csv sha256:749d8897e94255d0; datos_abiertos_vigilancia_malaria_2009_2025.csv sha256:084ef118bd67753d | K26: proporcion | L26: 8 | M26: 8 | N26: X = A / B × 100 | O26: =IF(L26="","",IF(K26="proporcion",ROUND(L26/M26*100,2),L26)) -> 100 | P26: % | Q26: mayor | R26: 90 | S26: =IF(O26="","Pendiente",IF(Q26="mayor",IF(O26>=R26,"Aprobado","Rechazado"),IF(O26<=R26,"Aprobado","Rechazado"))) -> Aprobado | T26: =IF(O26="","",IF(K26="proporcion",O26,MIN(100,ROUND(100*R26/MAX(O26,0.000001),2)))) -> 100 | U26: =IF(T26="","",IF(T26<40,"No aceptable",IF(T26<60,"Mínimamente aceptable",IF(T26<90,"Rango objetivo","Supera los requisitos")))) -> Supera los requisitos | V26: evaluacion/resultados/corrida-07/interaccion.json, capturas/if03-dimensiones.png | W26: Chura Monroy, Daniel Wilston | Y26: Aceptar
A27: IF-03 | B27: Idoneidad funcional | C27: Pertinencia funcional | D27: RNF-02 pertinencia | E27: Lista de verificación automatizada en interaccion.spec.js | F27: 08 | G27: v1.7 (b0ac637) | H27: 2026-10-27T12:06:18.210Z | I27: Windows_NT 10.0.26300 · Node v22.14.0 · Playwright Version 1.64.1 · Lighthouse 12.8.2 | J27: datos_abiertos_vigilancia_malaria_2000_2008.csv sha256:749d8897e94255d0; datos_abiertos_vigilancia_malaria_2009_2025.csv sha256:084ef118bd67753d | K27: proporcion | L27: 8 | M27: 8 | N27: X = A / B × 100 | O27: =IF(L27="","",IF(K27="proporcion",ROUND(L27/M27*100,2),L27)) -> 100 | P27: % | Q27: mayor | R27: 90 | S27: =IF(O27="","Pendiente",IF(Q27="mayor",IF(O27>=R27,"Aprobado","Rechazado"),IF(O27<=R27,"Aprobado","Rechazado"))) -> Aprobado | T27: =IF(O27="","",IF(K27="proporcion",O27,MIN(100,ROUND(100*R27/MAX(O27,0.000001),2)))) -> 100 | U27: =IF(T27="","",IF(T27<40,"No aceptable",IF(T27<60,"Mínimamente aceptable",IF(T27<90,"Rango objetivo","Supera los requisitos")))) -> Supera los requisitos | V27: evaluacion/resultados/corrida-08/interaccion.json, capturas/if03-dimensiones.png | W27: Chura Monroy, Daniel Wilston | Y27: Aceptar
A28: IF-03 | B28: Idoneidad funcional | C28: Pertinencia funcional | D28: RNF-02 pertinencia | E28: Lista de verificación automatizada en interaccion.spec.js | F28: 09 | G28: v1.8 (ed65ebc) | H28: 2026-10-27T12:16:43.263Z | I28: Windows_NT 10.0.26300 · Node v22.14.0 · Playwright Version 1.64.1 · Lighthouse 12.8.2 | J28: datos_abiertos_vigilancia_malaria_2000_2008.csv sha256:749d8897e94255d0; datos_abiertos_vigilancia_malaria_2009_2025.csv sha256:084ef118bd67753d | K28: proporcion | L28: 8 | M28: 8 | N28: X = A / B × 100 | O28: =IF(L28="","",IF(K28="proporcion",ROUND(L28/M28*100,2),L28)) -> 100 | P28: % | Q28: mayor | R28: 90 | S28: =IF(O28="","Pendiente",IF(Q28="mayor",IF(O28>=R28,"Aprobado","Rechazado"),IF(O28<=R28,"Aprobado","Rechazado"))) -> Aprobado | T28: =IF(O28="","",IF(K28="proporcion",O28,MIN(100,ROUND(100*R28/MAX(O28,0.000001),2)))) -> 100 | U28: =IF(T28="","",IF(T28<40,"No aceptable",IF(T28<60,"Mínimamente aceptable",IF(T28<90,"Rango objetivo","Supera los requisitos")))) -> Supera los requisitos | V28: evaluacion/resultados/corrida-09/interaccion.json, capturas/if03-dimensiones.png | W28: Chura Monroy, Daniel Wilston | Y28: Aceptar
A29: ED-01 | B29: Eficiencia de desempeño | C29: Comportamiento temporal | D29: RNF-03 carga | E29: evaluacion/scripts/lighthouse.mjs | F29: 01 | G29: v1.0 (e2ec6c9) | H29: 2026-10-27T05:09:45.825Z | I29: Windows_NT 10.0.26300 · Node v22.14.0 · Playwright Version 1.64.1 · Lighthouse 12.8.2 | J29: datos_abiertos_vigilancia_malaria_2000_2008.csv sha256:749d8897e94255d0; datos_abiertos_vigilancia_malaria_2009_2025.csv sha256:084ef118bd67753d | K29: valor | L29: 3.291 | N29: X = valor medido | O29: =IF(L29="","",IF(K29="proporcion",ROUND(L29/M29*100,2),L29)) -> 3.291 | P29: s | Q29: menor | R29: 2.5 | S29: =IF(O29="","Pendiente",IF(Q29="mayor",IF(O29>=R29,"Aprobado","Rechazado"),IF(O29<=R29,"Aprobado","Rechazado"))) -> Rechazado | T29: =IF(O29="","",IF(K29="proporcion",O29,MIN(100,ROUND(100*R29/MAX(O29,0.000001),2)))) -> 75.96 | U29: =IF(T29="","",IF(T29<40,"No aceptable",IF(T29<60,"Mínimamente aceptable",IF(T29<90,"Rango objetivo","Supera los requisitos")))) -> Rango objetivo | V29: evaluacion/resultados/corrida-01/lighthouse.json, lighthouse.html | W29: Chura Monroy, Daniel Wilston | X29: INC-08 | Y29: Fuentes IBM Plex servidas desde el mismo origen (SIL OFL 1.1), precarga de la fuente principal y de los JSON de datos, y CSP restringida a font-src 'self'. Verificación en la corrida 02.
A30: ED-01 | B30: Eficiencia de desempeño | C30: Comportamiento temporal | D30: RNF-03 carga | E30: evaluacion/scripts/lighthouse.mjs | F30: 02 | G30: v1.1 (a63333f) | H30: 2026-10-27T05:22:39.464Z | I30: Windows_NT 10.0.26300 · Node v22.14.0 · Playwright Version 1.64.1 · Lighthouse 12.8.2 | J30: datos_abiertos_vigilancia_malaria_2000_2008.csv sha256:749d8897e94255d0; datos_abiertos_vigilancia_malaria_2009_2025.csv sha256:084ef118bd67753d | K30: valor | L30: 2.477 | N30: X = valor medido | O30: =IF(L30="","",IF(K30="proporcion",ROUND(L30/M30*100,2),L30)) -> 2.477 | P30: s | Q30: menor | R30: 2.5 | S30: =IF(O30="","Pendiente",IF(Q30="mayor",IF(O30>=R30,"Aprobado","Rechazado"),IF(O30<=R30,"Aprobado","Rechazado"))) -> Aprobado | T30: =IF(O30="","",IF(K30="proporcion",O30,MIN(100,ROUND(100*R30/MAX(O30,0.000001),2)))) -> 100 | U30: =IF(T30="","",IF(T30<40,"No aceptable",IF(T30<60,"Mínimamente aceptable",IF(T30<90,"Rango objetivo","Supera los requisitos")))) -> Supera los requisitos | V30: evaluacion/resultados/corrida-02/lighthouse.json, lighthouse.html | W30: Chura Monroy, Daniel Wilston | X30: INC-12 | Y30: Se precargan los cuatro pesos de IBM Plex Sans y se usa font-display: optional, que no recoloca el texto. La corrida 03 mostró que eso solo eliminó la parte atribuida a las fuentes (0,0001): la causa principal era otra y se registra en INC-13.
A31: ED-01 | B31: Eficiencia de desempeño | C31: Comportamiento temporal | D31: RNF-03 carga | E31: evaluacion/scripts/lighthouse.mjs | F31: 03 | G31: v1.2 (ecfaca3) | H31: 2026-10-27T11:13:27.260Z | I31: Windows_NT 10.0.26300 · Node v22.14.0 · Playwright Version 1.64.1 · Lighthouse 12.8.2 | J31: datos_abiertos_vigilancia_malaria_2000_2008.csv sha256:749d8897e94255d0; datos_abiertos_vigilancia_malaria_2009_2025.csv sha256:084ef118bd67753d | K31: valor | L31: 2.562 | N31: X = valor medido | O31: =IF(L31="","",IF(K31="proporcion",ROUND(L31/M31*100,2),L31)) -> 2.562 | P31: s | Q31: menor | R31: 2.5 | S31: =IF(O31="","Pendiente",IF(Q31="mayor",IF(O31>=R31,"Aprobado","Rechazado"),IF(O31<=R31,"Aprobado","Rechazado"))) -> Rechazado | T31: =IF(O31="","",IF(K31="proporcion",O31,MIN(100,ROUND(100*R31/MAX(O31,0.000001),2)))) -> 97.58 | U31: =IF(T31="","",IF(T31<40,"No aceptable",IF(T31<60,"Mínimamente aceptable",IF(T31<90,"Rango objetivo","Supera los requisitos")))) -> Supera los requisitos | V31: evaluacion/resultados/corrida-03/lighthouse.json, lighthouse.html | W31: Chura Monroy, Daniel Wilston | X31: INC-13, INC-14 | Y31: Se fijó grid-template-rows: auto 1fr en móvil, de modo que main absorbe el espacio libre y la barra no cambia de alto. En local, con red y CPU limitadas, el CLS bajó de 0,109 a 0,001. Se verifica en la corrida 04. El aviso queda en el HTML estático y se pinta antes de cargar los datos. La fecha de descarga va en una línea propia con altura reservada que se completa después (sin desplazamiento). En local, el LCP bajó de 2,7 s a 1,1 s. Se verifica en la corrida 04.
A32: ED-01 | B32: Eficiencia de desempeño | C32: Comportamiento temporal | D32: RNF-03 carga | E32: evaluacion/scripts/lighthouse.mjs | F32: 04 | G32: v1.3 (1219f7a) | H32: 2026-10-27T11:22:57.351Z | I32: Windows_NT 10.0.26300 · Node v22.14.0 · Playwright Version 1.64.1 · Lighthouse 12.8.2 | J32: datos_abiertos_vigilancia_malaria_2000_2008.csv sha256:749d8897e94255d0; datos_abiertos_vigilancia_malaria_2009_2025.csv sha256:084ef118bd67753d | K32: valor | L32: 2.55 | N32: X = valor medido | O32: =IF(L32="","",IF(K32="proporcion",ROUND(L32/M32*100,2),L32)) -> 2.55 | P32: s | Q32: menor | R32: 2.5 | S32: =IF(O32="","Pendiente",IF(Q32="mayor",IF(O32>=R32,"Aprobado","Rechazado"),IF(O32<=R32,"Aprobado","Rechazado"))) -> Rechazado | T32: =IF(O32="","",IF(K32="proporcion",O32,MIN(100,ROUND(100*R32/MAX(O32,0.000001),2)))) -> 98.04 | U32: =IF(T32="","",IF(T32<40,"No aceptable",IF(T32<60,"Mínimamente aceptable",IF(T32<90,"Rango objetivo","Supera los requisitos")))) -> Supera los requisitos | V32: evaluacion/resultados/corrida-04/lighthouse.json, lighthouse.html | W32: Chura Monroy, Daniel Wilston | X32: INC-15 | Y32: Se quitaron las precargas de datos y fuentes. D3 y los JSON se piden después del primer pintado con contenido (PerformanceObserver de tipo paint, con un tope de 500 ms). En local, con el mismo perfil de Lighthouse y sin compresión, el LCP simulado bajó de 5,56 s a 1,80 s. Se verifica en la corrida 05.
A33: ED-01 | B33: Eficiencia de desempeño | C33: Comportamiento temporal | D33: RNF-03 carga | E33: evaluacion/scripts/lighthouse.mjs | F33: 05 | G33: v1.4 (ecd9c46) | H33: 2026-10-27T11:34:29.914Z | I33: Windows_NT 10.0.26300 · Node v22.14.0 · Playwright Version 1.64.1 · Lighthouse 12.8.2 | J33: datos_abiertos_vigilancia_malaria_2000_2008.csv sha256:749d8897e94255d0; datos_abiertos_vigilancia_malaria_2009_2025.csv sha256:084ef118bd67753d | K33: valor | L33: 0.982 | N33: X = valor medido | O33: =IF(L33="","",IF(K33="proporcion",ROUND(L33/M33*100,2),L33)) -> 0.982 | P33: s | Q33: menor | R33: 2.5 | S33: =IF(O33="","Pendiente",IF(Q33="mayor",IF(O33>=R33,"Aprobado","Rechazado"),IF(O33<=R33,"Aprobado","Rechazado"))) -> Aprobado | T33: =IF(O33="","",IF(K33="proporcion",O33,MIN(100,ROUND(100*R33/MAX(O33,0.000001),2)))) -> 100 | U33: =IF(T33="","",IF(T33<40,"No aceptable",IF(T33<60,"Mínimamente aceptable",IF(T33<90,"Rango objetivo","Supera los requisitos")))) -> Supera los requisitos | V33: evaluacion/resultados/corrida-05/lighthouse.json, lighthouse.html | W33: Chura Monroy, Daniel Wilston | Y33: Aceptar
A34: ED-01 | B34: Eficiencia de desempeño | C34: Comportamiento temporal | D34: RNF-03 carga | E34: evaluacion/scripts/lighthouse.mjs | F34: 06 | G34: v1.5 (2aca5a2) | H34: 2026-10-27T11:44:29.601Z | I34: Windows_NT 10.0.26300 · Node v22.14.0 · Playwright Version 1.64.1 · Lighthouse 12.8.2 | J34: datos_abiertos_vigilancia_malaria_2000_2008.csv sha256:749d8897e94255d0; datos_abiertos_vigilancia_malaria_2009_2025.csv sha256:084ef118bd67753d | K34: valor | L34: 0.983 | N34: X = valor medido | O34: =IF(L34="","",IF(K34="proporcion",ROUND(L34/M34*100,2),L34)) -> 0.983 | P34: s | Q34: menor | R34: 2.5 | S34: =IF(O34="","Pendiente",IF(Q34="mayor",IF(O34>=R34,"Aprobado","Rechazado"),IF(O34<=R34,"Aprobado","Rechazado"))) -> Aprobado | T34: =IF(O34="","",IF(K34="proporcion",O34,MIN(100,ROUND(100*R34/MAX(O34,0.000001),2)))) -> 100 | U34: =IF(T34="","",IF(T34<40,"No aceptable",IF(T34<60,"Mínimamente aceptable",IF(T34<90,"Rango objetivo","Supera los requisitos")))) -> Supera los requisitos | V34: evaluacion/resultados/corrida-06/lighthouse.json, lighthouse.html | W34: Chura Monroy, Daniel Wilston | Y34: Aceptar
A35: ED-01 | B35: Eficiencia de desempeño | C35: Comportamiento temporal | D35: RNF-03 carga | E35: evaluacion/scripts/lighthouse.mjs | F35: 07 | G35: v1.6 (f47b30f) | H35: 2026-10-27T11:55:54.129Z | I35: Windows_NT 10.0.26300 · Node v22.14.0 · Playwright Version 1.64.1 · Lighthouse 12.8.2 | J35: datos_abiertos_vigilancia_malaria_2000_2008.csv sha256:749d8897e94255d0; datos_abiertos_vigilancia_malaria_2009_2025.csv sha256:084ef118bd67753d | K35: valor | L35: 0.982 | N35: X = valor medido | O35: =IF(L35="","",IF(K35="proporcion",ROUND(L35/M35*100,2),L35)) -> 0.982 | P35: s | Q35: menor | R35: 2.5 | S35: =IF(O35="","Pendiente",IF(Q35="mayor",IF(O35>=R35,"Aprobado","Rechazado"),IF(O35<=R35,"Aprobado","Rechazado"))) -> Aprobado | T35: =IF(O35="","",IF(K35="proporcion",O35,MIN(100,ROUND(100*R35/MAX(O35,0.000001),2)))) -> 100 | U35: =IF(T35="","",IF(T35<40,"No aceptable",IF(T35<60,"Mínimamente aceptable",IF(T35<90,"Rango objetivo","Supera los requisitos")))) -> Supera los requisitos | V35: evaluacion/resultados/corrida-07/lighthouse.json, lighthouse.html | W35: Chura Monroy, Daniel Wilston | Y35: Aceptar
A36: ED-01 | B36: Eficiencia de desempeño | C36: Comportamiento temporal | D36: RNF-03 carga | E36: evaluacion/scripts/lighthouse.mjs | F36: 08 | G36: v1.7 (b0ac637) | H36: 2026-10-27T12:06:18.210Z | I36: Windows_NT 10.0.26300 · Node v22.14.0 · Playwright Version 1.64.1 · Lighthouse 12.8.2 | J36: datos_abiertos_vigilancia_malaria_2000_2008.csv sha256:749d8897e94255d0; datos_abiertos_vigilancia_malaria_2009_2025.csv sha256:084ef118bd67753d | K36: valor | L36: 0.982 | N36: X = valor medido | O36: =IF(L36="","",IF(K36="proporcion",ROUND(L36/M36*100,2),L36)) -> 0.982 | P36: s | Q36: menor | R36: 2.5 | S36: =IF(O36="","Pendiente",IF(Q36="mayor",IF(O36>=R36,"Aprobado","Rechazado"),IF(O36<=R36,"Aprobado","Rechazado"))) -> Aprobado | T36: =IF(O36="","",IF(K36="proporcion",O36,MIN(100,ROUND(100*R36/MAX(O36,0.000001),2)))) -> 100 | U36: =IF(T36="","",IF(T36<40,"No aceptable",IF(T36<60,"Mínimamente aceptable",IF(T36<90,"Rango objetivo","Supera los requisitos")))) -> Supera los requisitos | V36: evaluacion/resultados/corrida-08/lighthouse.json, lighthouse.html | W36: Chura Monroy, Daniel Wilston | Y36: Aceptar
A37: ED-01 | B37: Eficiencia de desempeño | C37: Comportamiento temporal | D37: RNF-03 carga | E37: evaluacion/scripts/lighthouse.mjs | F37: 09 | G37: v1.8 (ed65ebc) | H37: 2026-10-27T12:16:43.263Z | I37: Windows_NT 10.0.26300 · Node v22.14.0 · Playwright Version 1.64.1 · Lighthouse 12.8.2 | J37: datos_abiertos_vigilancia_malaria_2000_2008.csv sha256:749d8897e94255d0; datos_abiertos_vigilancia_malaria_2009_2025.csv sha256:084ef118bd67753d | K37: valor | L37: 0.983 | N37: X = valor medido | O37: =IF(L37="","",IF(K37="proporcion",ROUND(L37/M37*100,2),L37)) -> 0.983 | P37: s | Q37: menor | R37: 2.5 | S37: =IF(O37="","Pendiente",IF(Q37="mayor",IF(O37>=R37,"Aprobado","Rechazado"),IF(O37<=R37,"Aprobado","Rechazado"))) -> Aprobado | T37: =IF(O37="","",IF(K37="proporcion",O37,MIN(100,ROUND(100*R37/MAX(O37,0.000001),2)))) -> 100 | U37: =IF(T37="","",IF(T37<40,"No aceptable",IF(T37<60,"Mínimamente aceptable",IF(T37<90,"Rango objetivo","Supera los requisitos")))) -> Supera los requisitos | V37: evaluacion/resultados/corrida-09/lighthouse.json, lighthouse.html | W37: Chura Monroy, Daniel Wilston | Y37: Aceptar
A38: ED-02 | B38: Eficiencia de desempeño | C38: Comportamiento temporal | D38: RNF-03 respuesta | E38: evaluacion/pruebas/rendimiento.spec.js | F38: 01 | G38: v1.0 (e2ec6c9) | H38: 2026-10-27T05:09:45.825Z | I38: Windows_NT 10.0.26300 · Node v22.14.0 · Playwright Version 1.64.1 · Lighthouse 12.8.2 | J38: datos_abiertos_vigilancia_malaria_2000_2008.csv sha256:749d8897e94255d0; datos_abiertos_vigilancia_malaria_2009_2025.csv sha256:084ef118bd67753d | K38: valor | L38: 42.8 | N38: X = valor medido | O38: =IF(L38="","",IF(K38="proporcion",ROUND(L38/M38*100,2),L38)) -> 42.8 | P38: ms | Q38: menor | R38: 200 | S38: =IF(O38="","Pendiente",IF(Q38="mayor",IF(O38>=R38,"Aprobado","Rechazado"),IF(O38<=R38,"Aprobado","Rechazado"))) -> Aprobado | T38: =IF(O38="","",IF(K38="proporcion",O38,MIN(100,ROUND(100*R38/MAX(O38,0.000001),2)))) -> 100 | U38: =IF(T38="","",IF(T38<40,"No aceptable",IF(T38<60,"Mínimamente aceptable",IF(T38<90,"Rango objetivo","Supera los requisitos")))) -> Supera los requisitos | V38: evaluacion/resultados/corrida-01/ed02-respuesta.json | W38: Chura Monroy, Daniel Wilston | Y38: Aceptar
A39: ED-02 | B39: Eficiencia de desempeño | C39: Comportamiento temporal | D39: RNF-03 respuesta | E39: evaluacion/pruebas/rendimiento.spec.js | F39: 02 | G39: v1.1 (a63333f) | H39: 2026-10-27T05:22:39.464Z | I39: Windows_NT 10.0.26300 · Node v22.14.0 · Playwright Version 1.64.1 · Lighthouse 12.8.2 | J39: datos_abiertos_vigilancia_malaria_2000_2008.csv sha256:749d8897e94255d0; datos_abiertos_vigilancia_malaria_2009_2025.csv sha256:084ef118bd67753d | K39: valor | L39: 42.4 | N39: X = valor medido | O39: =IF(L39="","",IF(K39="proporcion",ROUND(L39/M39*100,2),L39)) -> 42.4 | P39: ms | Q39: menor | R39: 200 | S39: =IF(O39="","Pendiente",IF(Q39="mayor",IF(O39>=R39,"Aprobado","Rechazado"),IF(O39<=R39,"Aprobado","Rechazado"))) -> Aprobado | T39: =IF(O39="","",IF(K39="proporcion",O39,MIN(100,ROUND(100*R39/MAX(O39,0.000001),2)))) -> 100 | U39: =IF(T39="","",IF(T39<40,"No aceptable",IF(T39<60,"Mínimamente aceptable",IF(T39<90,"Rango objetivo","Supera los requisitos")))) -> Supera los requisitos | V39: evaluacion/resultados/corrida-02/ed02-respuesta.json | W39: Chura Monroy, Daniel Wilston | Y39: Aceptar
A40: ED-02 | B40: Eficiencia de desempeño | C40: Comportamiento temporal | D40: RNF-03 respuesta | E40: evaluacion/pruebas/rendimiento.spec.js | F40: 03 | G40: v1.2 (ecfaca3) | H40: 2026-10-27T11:13:27.260Z | I40: Windows_NT 10.0.26300 · Node v22.14.0 · Playwright Version 1.64.1 · Lighthouse 12.8.2 | J40: datos_abiertos_vigilancia_malaria_2000_2008.csv sha256:749d8897e94255d0; datos_abiertos_vigilancia_malaria_2009_2025.csv sha256:084ef118bd67753d | K40: valor | L40: 38.5 | N40: X = valor medido | O40: =IF(L40="","",IF(K40="proporcion",ROUND(L40/M40*100,2),L40)) -> 38.5 | P40: ms | Q40: menor | R40: 200 | S40: =IF(O40="","Pendiente",IF(Q40="mayor",IF(O40>=R40,"Aprobado","Rechazado"),IF(O40<=R40,"Aprobado","Rechazado"))) -> Aprobado | T40: =IF(O40="","",IF(K40="proporcion",O40,MIN(100,ROUND(100*R40/MAX(O40,0.000001),2)))) -> 100 | U40: =IF(T40="","",IF(T40<40,"No aceptable",IF(T40<60,"Mínimamente aceptable",IF(T40<90,"Rango objetivo","Supera los requisitos")))) -> Supera los requisitos | V40: evaluacion/resultados/corrida-03/ed02-respuesta.json | W40: Chura Monroy, Daniel Wilston | Y40: Aceptar
A41: ED-02 | B41: Eficiencia de desempeño | C41: Comportamiento temporal | D41: RNF-03 respuesta | E41: evaluacion/pruebas/rendimiento.spec.js | F41: 04 | G41: v1.3 (1219f7a) | H41: 2026-10-27T11:22:57.351Z | I41: Windows_NT 10.0.26300 · Node v22.14.0 · Playwright Version 1.64.1 · Lighthouse 12.8.2 | J41: datos_abiertos_vigilancia_malaria_2000_2008.csv sha256:749d8897e94255d0; datos_abiertos_vigilancia_malaria_2009_2025.csv sha256:084ef118bd67753d | K41: valor | L41: 38.5 | N41: X = valor medido | O41: =IF(L41="","",IF(K41="proporcion",ROUND(L41/M41*100,2),L41)) -> 38.5 | P41: ms | Q41: menor | R41: 200 | S41: =IF(O41="","Pendiente",IF(Q41="mayor",IF(O41>=R41,"Aprobado","Rechazado"),IF(O41<=R41,"Aprobado","Rechazado"))) -> Aprobado | T41: =IF(O41="","",IF(K41="proporcion",O41,MIN(100,ROUND(100*R41/MAX(O41,0.000001),2)))) -> 100 | U41: =IF(T41="","",IF(T41<40,"No aceptable",IF(T41<60,"Mínimamente aceptable",IF(T41<90,"Rango objetivo","Supera los requisitos")))) -> Supera los requisitos | V41: evaluacion/resultados/corrida-04/ed02-respuesta.json | W41: Chura Monroy, Daniel Wilston | Y41: Aceptar
A42: ED-02 | B42: Eficiencia de desempeño | C42: Comportamiento temporal | D42: RNF-03 respuesta | E42: evaluacion/pruebas/rendimiento.spec.js | F42: 05 | G42: v1.4 (ecd9c46) | H42: 2026-10-27T11:34:29.914Z | I42: Windows_NT 10.0.26300 · Node v22.14.0 · Playwright Version 1.64.1 · Lighthouse 12.8.2 | J42: datos_abiertos_vigilancia_malaria_2000_2008.csv sha256:749d8897e94255d0; datos_abiertos_vigilancia_malaria_2009_2025.csv sha256:084ef118bd67753d | K42: valor | L42: 36.9 | N42: X = valor medido | O42: =IF(L42="","",IF(K42="proporcion",ROUND(L42/M42*100,2),L42)) -> 36.9 | P42: ms | Q42: menor | R42: 200 | S42: =IF(O42="","Pendiente",IF(Q42="mayor",IF(O42>=R42,"Aprobado","Rechazado"),IF(O42<=R42,"Aprobado","Rechazado"))) -> Aprobado | T42: =IF(O42="","",IF(K42="proporcion",O42,MIN(100,ROUND(100*R42/MAX(O42,0.000001),2)))) -> 100 | U42: =IF(T42="","",IF(T42<40,"No aceptable",IF(T42<60,"Mínimamente aceptable",IF(T42<90,"Rango objetivo","Supera los requisitos")))) -> Supera los requisitos | V42: evaluacion/resultados/corrida-05/ed02-respuesta.json | W42: Chura Monroy, Daniel Wilston | Y42: Aceptar
A43: ED-02 | B43: Eficiencia de desempeño | C43: Comportamiento temporal | D43: RNF-03 respuesta | E43: evaluacion/pruebas/rendimiento.spec.js | F43: 06 | G43: v1.5 (2aca5a2) | H43: 2026-10-27T11:44:29.601Z | I43: Windows_NT 10.0.26300 · Node v22.14.0 · Playwright Version 1.64.1 · Lighthouse 12.8.2 | J43: datos_abiertos_vigilancia_malaria_2000_2008.csv sha256:749d8897e94255d0; datos_abiertos_vigilancia_malaria_2009_2025.csv sha256:084ef118bd67753d | K43: valor | L43: 36.6 | N43: X = valor medido | O43: =IF(L43="","",IF(K43="proporcion",ROUND(L43/M43*100,2),L43)) -> 36.6 | P43: ms | Q43: menor | R43: 200 | S43: =IF(O43="","Pendiente",IF(Q43="mayor",IF(O43>=R43,"Aprobado","Rechazado"),IF(O43<=R43,"Aprobado","Rechazado"))) -> Aprobado | T43: =IF(O43="","",IF(K43="proporcion",O43,MIN(100,ROUND(100*R43/MAX(O43,0.000001),2)))) -> 100 | U43: =IF(T43="","",IF(T43<40,"No aceptable",IF(T43<60,"Mínimamente aceptable",IF(T43<90,"Rango objetivo","Supera los requisitos")))) -> Supera los requisitos | V43: evaluacion/resultados/corrida-06/ed02-respuesta.json | W43: Chura Monroy, Daniel Wilston | Y43: Aceptar
A44: ED-02 | B44: Eficiencia de desempeño | C44: Comportamiento temporal | D44: RNF-03 respuesta | E44: evaluacion/pruebas/rendimiento.spec.js | F44: 07 | G44: v1.6 (f47b30f) | H44: 2026-10-27T11:55:54.129Z | I44: Windows_NT 10.0.26300 · Node v22.14.0 · Playwright Version 1.64.1 · Lighthouse 12.8.2 | J44: datos_abiertos_vigilancia_malaria_2000_2008.csv sha256:749d8897e94255d0; datos_abiertos_vigilancia_malaria_2009_2025.csv sha256:084ef118bd67753d | K44: valor | L44: 37.1 | N44: X = valor medido | O44: =IF(L44="","",IF(K44="proporcion",ROUND(L44/M44*100,2),L44)) -> 37.1 | P44: ms | Q44: menor | R44: 200 | S44: =IF(O44="","Pendiente",IF(Q44="mayor",IF(O44>=R44,"Aprobado","Rechazado"),IF(O44<=R44,"Aprobado","Rechazado"))) -> Aprobado | T44: =IF(O44="","",IF(K44="proporcion",O44,MIN(100,ROUND(100*R44/MAX(O44,0.000001),2)))) -> 100 | U44: =IF(T44="","",IF(T44<40,"No aceptable",IF(T44<60,"Mínimamente aceptable",IF(T44<90,"Rango objetivo","Supera los requisitos")))) -> Supera los requisitos | V44: evaluacion/resultados/corrida-07/ed02-respuesta.json | W44: Chura Monroy, Daniel Wilston | Y44: Aceptar
... A55: ED-03 | B55: Eficiencia de desempeño | C55: Utilización de recursos | D55: RNF-04 consumo | E55: evaluacion/scripts/lighthouse.mjs | F55: 09 | G55: v1.8 (ed65ebc) | H55: 2026-10-27T12:16:43.263Z | I55: Windows_NT 10.0.26300 · Node v22.14.0 · Playwright Version 1.64.1 · Lighthouse 12.8.2 | J55: datos_abiertos_vigilancia_malaria_2000_2008.csv sha256:749d8897e94255d0; datos_abiertos_vigilancia_malaria_2009_2025.csv sha256:084ef118bd67753d | K55: valor | L55: 334.797 | N55: X = valor medido | O55: =IF(L55="","",IF(K55="proporcion",ROUND(L55/M55*100,2),L55)) -> 334.797 | P55: KB | Q55: menor | R55: 1000 | S55: =IF(O55="","Pendiente",IF(Q55="mayor",IF(O55>=R55,"Aprobado","Rechazado"),IF(O55<=R55,"Aprobado","Rechazado"))) -> Aprobado | T55: =IF(O55="","",IF(K55="proporcion",O55,MIN(100,ROUND(100*R55/MAX(O55,0.000001),2)))) -> 100 | U55: =IF(T55="","",IF(T55<40,"No aceptable",IF(T55<60,"Mínimamente aceptable",IF(T55<90,"Rango objetivo","Supera los requisitos")))) -> Supera los requisitos | V55: evaluacion/resultados/corrida-09/lighthouse.json | W55: Chura Monroy, Daniel Wilston | Y55: Aceptar
A56: CO-01 | B56: Compatibilidad | C56: Interoperabilidad | D56: RF-11 | E56: evaluacion/pruebas/funcional.spec.js (RF-11) | F56: 01 | G56: v1.0 (e2ec6c9) | H56: 2026-10-27T05:09:45.825Z | I56: Windows_NT 10.0.26300 · Node v22.14.0 · Playwright Version 1.64.1 · Lighthouse 12.8.2 | J56: datos_abiertos_vigilancia_malaria_2000_2008.csv sha256:749d8897e94255d0; datos_abiertos_vigilancia_malaria_2009_2025.csv sha256:084ef118bd67753d | K56: proporcion | L56: 4 | M56: 4 | N56: X = A / B × 100 | O56: =IF(L56="","",IF(K56="proporcion",ROUND(L56/M56*100,2),L56)) -> 100 | P56: % | Q56: mayor | R56: 100 | S56: =IF(O56="","Pendiente",IF(Q56="mayor",IF(O56>=R56,"Aprobado","Rechazado"),IF(O56<=R56,"Aprobado","Rechazado"))) -> Aprobado | T56: =IF(O56="","",IF(K56="proporcion",O56,MIN(100,ROUND(100*R56/MAX(O56,0.000001),2)))) -> 100 | U56: =IF(T56="","",IF(T56<40,"No aceptable",IF(T56<60,"Mínimamente aceptable",IF(T56<90,"Rango objetivo","Supera los requisitos")))) -> Supera los requisitos | V56: evaluacion/resultados/corrida-01/co01-exportaciones.json | W56: Chura Monroy, Daniel Wilston | Y56: Aceptar
A57: CO-01 | B57: Compatibilidad | C57: Interoperabilidad | D57: RF-11 | E57: evaluacion/pruebas/funcional.spec.js (RF-11) | F57: 02 | G57: v1.1 (a63333f) | H57: 2026-10-27T05:22:39.464Z | I57: Windows_NT 10.0.26300 · Node v22.14.0 · Playwright Version 1.64.1 · Lighthouse 12.8.2 | J57: datos_abiertos_vigilancia_malaria_2000_2008.csv sha256:749d8897e94255d0; datos_abiertos_vigilancia_malaria_2009_2025.csv sha256:084ef118bd67753d | K57: proporcion | L57: 4 | M57: 4 | N57: X = A / B × 100 | O57: =IF(L57="","",IF(K57="proporcion",ROUND(L57/M57*100,2),L57)) -> 100 | P57: % | Q57: mayor | R57: 100 | S57: =IF(O57="","Pendiente",IF(Q57="mayor",IF(O57>=R57,"Aprobado","Rechazado"),IF(O57<=R57,"Aprobado","Rechazado"))) -> Aprobado | T57: =IF(O57="","",IF(K57="proporcion",O57,MIN(100,ROUND(100*R57/MAX(O57,0.000001),2)))) -> 100 | U57: =IF(T57="","",IF(T57<40,"No aceptable",IF(T57<60,"Mínimamente aceptable",IF(T57<90,"Rango objetivo","Supera los requisitos")))) -> Supera los requisitos | V57: evaluacion/resultados/corrida-02/co01-exportaciones.json | W57: Chura Monroy, Daniel Wilston | Y57: Aceptar
A58: CO-01 | B58: Compatibilidad | C58: Interoperabilidad | D58: RF-11 | E58: evaluacion/pruebas/funcional.spec.js (RF-11) | F58: 03 | G58: v1.2 (ecfaca3) | H58: 2026-10-27T11:13:27.260Z | I58: Windows_NT 10.0.26300 · Node v22.14.0 · Playwright Version 1.64.1 · Lighthouse 12.8.2 | J58: datos_abiertos_vigilancia_malaria_2000_2008.csv sha256:749d8897e94255d0; datos_abiertos_vigilancia_malaria_2009_2025.csv sha256:084ef118bd67753d | K58: proporcion | L58: 4 | M58: 4 | N58: X = A / B × 100 | O58: =IF(L58="","",IF(K58="proporcion",ROUND(L58/M58*100,2),L58)) -> 100 | P58: % | Q58: mayor | R58: 100 | S58: =IF(O58="","Pendiente",IF(Q58="mayor",IF(O58>=R58,"Aprobado","Rechazado"),IF(O58<=R58,"Aprobado","Rechazado"))) -> Aprobado | T58: =IF(O58="","",IF(K58="proporcion",O58,MIN(100,ROUND(100*R58/MAX(O58,0.000001),2)))) -> 100 | U58: =IF(T58="","",IF(T58<40,"No aceptable",IF(T58<60,"Mínimamente aceptable",IF(T58<90,"Rango objetivo","Supera los requisitos")))) -> Supera los requisitos | V58: evaluacion/resultados/corrida-03/co01-exportaciones.json | W58: Chura Monroy, Daniel Wilston | Y58: Aceptar
A59: CO-01 | B59: Compatibilidad | C59: Interoperabilidad | D59: RF-11 | E59: evaluacion/pruebas/funcional.spec.js (RF-11) | F59: 04 | G59: v1.3 (1219f7a) | H59: 2026-10-27T11:22:57.351Z | I59: Windows_NT 10.0.26300 · Node v22.14.0 · Playwright Version 1.64.1 · Lighthouse 12.8.2 | J59: datos_abiertos_vigilancia_malaria_2000_2008.csv sha256:749d8897e94255d0; datos_abiertos_vigilancia_malaria_2009_2025.csv sha256:084ef118bd67753d | K59: proporcion | L59: 4 | M59: 4 | N59: X = A / B × 100 | O59: =IF(L59="","",IF(K59="proporcion",ROUND(L59/M59*100,2),L59)) -> 100 | P59: % | Q59: mayor | R59: 100 | S59: =IF(O59="","Pendiente",IF(Q59="mayor",IF(O59>=R59,"Aprobado","Rechazado"),IF(O59<=R59,"Aprobado","Rechazado"))) -> Aprobado | T59: =IF(O59="","",IF(K59="proporcion",O59,MIN(100,ROUND(100*R59/MAX(O59,0.000001),2)))) -> 100 | U59: =IF(T59="","",IF(T59<40,"No aceptable",IF(T59<60,"Mínimamente aceptable",IF(T59<90,"Rango objetivo","Supera los requisitos")))) -> Supera los requisitos | V59: evaluacion/resultados/corrida-04/co01-exportaciones.json | W59: Chura Monroy, Daniel Wilston | Y59: Aceptar
A60: CO-01 | B60: Compatibilidad | C60: Interoperabilidad | D60: RF-11 | E60: evaluacion/pruebas/funcional.spec.js (RF-11) | F60: 05 | G60: v1.4 (ecd9c46) | H60: 2026-10-27T11:34:29.914Z | I60: Windows_NT 10.0.26300 · Node v22.14.0 · Playwright Version 1.64.1 · Lighthouse 12.8.2 | J60: datos_abiertos_vigilancia_malaria_2000_2008.csv sha256:749d8897e94255d0; datos_abiertos_vigilancia_malaria_2009_2025.csv sha256:084ef118bd67753d | K60: proporcion | L60: 4 | M60: 4 | N60: X = A / B × 100 | O60: =IF(L60="","",IF(K60="proporcion",ROUND(L60/M60*100,2),L60)) -> 100 | P60: % | Q60: mayor | R60: 100 | S60: =IF(O60="","Pendiente",IF(Q60="mayor",IF(O60>=R60,"Aprobado","Rechazado"),IF(O60<=R60,"Aprobado","Rechazado"))) -> Aprobado | T60: =IF(O60="","",IF(K60="proporcion",O60,MIN(100,ROUND(100*R60/MAX(O60,0.000001),2)))) -> 100 | U60: =IF(T60="","",IF(T60<40,"No aceptable",IF(T60<60,"Mínimamente aceptable",IF(T60<90,"Rango objetivo","Supera los requisitos")))) -> Supera los requisitos | V60: evaluacion/resultados/corrida-05/co01-exportaciones.json | W60: Chura Monroy, Daniel Wilston | Y60: Aceptar
A61: CO-01 | B61: Compatibilidad | C61: Interoperabilidad | D61: RF-11 | E61: evaluacion/pruebas/funcional.spec.js (RF-11) | F61: 06 | G61: v1.5 (2aca5a2) | H61: 2026-10-27T11:44:29.601Z | I61: Windows_NT 10.0.26300 · Node v22.14.0 · Playwright Version 1.64.1 · Lighthouse 12.8.2 | J61: datos_abiertos_vigilancia_malaria_2000_2008.csv sha256:749d8897e94255d0; datos_abiertos_vigilancia_malaria_2009_2025.csv sha256:084ef118bd67753d | K61: proporcion | L61: 4 | M61: 4 | N61: X = A / B × 100 | O61: =IF(L61="","",IF(K61="proporcion",ROUND(L61/M61*100,2),L61)) -> 100 | P61: % | Q61: mayor | R61: 100 | S61: =IF(O61="","Pendiente",IF(Q61="mayor",IF(O61>=R61,"Aprobado","Rechazado"),IF(O61<=R61,"Aprobado","Rechazado"))) -> Aprobado | T61: =IF(O61="","",IF(K61="proporcion",O61,MIN(100,ROUND(100*R61/MAX(O61,0.000001),2)))) -> 100 | U61: =IF(T61="","",IF(T61<40,"No aceptable",IF(T61<60,"Mínimamente aceptable",IF(T61<90,"Rango objetivo","Supera los requisitos")))) -> Supera los requisitos | V61: evaluacion/resultados/corrida-06/co01-exportaciones.json | W61: Chura Monroy, Daniel Wilston | Y61: Aceptar
A62: CO-01 | B62: Compatibilidad | C62: Interoperabilidad | D62: RF-11 | E62: evaluacion/pruebas/funcional.spec.js (RF-11) | F62: 07 | G62: v1.6 (f47b30f) | H62: 2026-10-27T11:55:54.129Z | I62: Windows_NT 10.0.26300 · Node v22.14.0 · Playwright Version 1.64.1 · Lighthouse 12.8.2 | J62: datos_abiertos_vigilancia_malaria_2000_2008.csv sha256:749d8897e94255d0; datos_abiertos_vigilancia_malaria_2009_2025.csv sha256:084ef118bd67753d | K62: proporcion | L62: 4 | M62: 4 | N62: X = A / B × 100 | O62: =IF(L62="","",IF(K62="proporcion",ROUND(L62/M62*100,2),L62)) -> 100 | P62: % | Q62: mayor | R62: 100 | S62: =IF(O62="","Pendiente",IF(Q62="mayor",IF(O62>=R62,"Aprobado","Rechazado"),IF(O62<=R62,"Aprobado","Rechazado"))) -> Aprobado | T62: =IF(O62="","",IF(K62="proporcion",O62,MIN(100,ROUND(100*R62/MAX(O62,0.000001),2)))) -> 100 | U62: =IF(T62="","",IF(T62<40,"No aceptable",IF(T62<60,"Mínimamente aceptable",IF(T62<90,"Rango objetivo","Supera los requisitos")))) -> Supera los requisitos | V62: evaluacion/resultados/corrida-07/co01-exportaciones.json | W62: Chura Monroy, Daniel Wilston | Y62: Aceptar
A63: CO-01 | B63: Compatibilidad | C63: Interoperabilidad | D63: RF-11 | E63: evaluacion/pruebas/funcional.spec.js (RF-11) | F63: 08 | G63: v1.7 (b0ac637) | H63: 2026-10-27T12:06:18.210Z | I63: Windows_NT 10.0.26300 · Node v22.14.0 · Playwright Version 1.64.1 · Lighthouse 12.8.2 | J63: datos_abiertos_vigilancia_malaria_2000_2008.csv sha256:749d8897e94255d0; datos_abiertos_vigilancia_malaria_2009_2025.csv sha256:084ef118bd67753d | K63: proporcion | L63: 4 | M63: 4 | N63: X = A / B × 100 | O63: =IF(L63="","",IF(K63="proporcion",ROUND(L63/M63*100,2),L63)) -> 100 | P63: % | Q63: mayor | R63: 100 | S63: =IF(O63="","Pendiente",IF(Q63="mayor",IF(O63>=R63,"Aprobado","Rechazado"),IF(O63<=R63,"Aprobado","Rechazado"))) -> Aprobado | T63: =IF(O63="","",IF(K63="proporcion",O63,MIN(100,ROUND(100*R63/MAX(O63,0.000001),2)))) -> 100 | U63: =IF(T63="","",IF(T63<40,"No aceptable",IF(T63<60,"Mínimamente aceptable",IF(T63<90,"Rango objetivo","Supera los requisitos")))) -> Supera los requisitos | V63: evaluacion/resultados/corrida-08/co01-exportaciones.json | W63: Chura Monroy, Daniel Wilston | Y63: Aceptar
A64: CO-01 | B64: Compatibilidad | C64: Interoperabilidad | D64: RF-11 | E64: evaluacion/pruebas/funcional.spec.js (RF-11) | F64: 09 | G64: v1.8 (ed65ebc) | H64: 2026-10-27T12:16:43.263Z | I64: Windows_NT 10.0.26300 · Node v22.14.0 · Playwright Version 1.64.1 · Lighthouse 12.8.2 | J64: datos_abiertos_vigilancia_malaria_2000_2008.csv sha256:749d8897e94255d0; datos_abiertos_vigilancia_malaria_2009_2025.csv sha256:084ef118bd67753d | K64: proporcion | L64: 4 | M64: 4 | N64: X = A / B × 100 | O64: =IF(L64="","",IF(K64="proporcion",ROUND(L64/M64*100,2),L64)) -> 100 | P64: % | Q64: mayor | R64: 100 | S64: =IF(O64="","Pendiente",IF(Q64="mayor",IF(O64>=R64,"Aprobado","Rechazado"),IF(O64<=R64,"Aprobado","Rechazado"))) -> Aprobado | T64: =IF(O64="","",IF(K64="proporcion",O64,MIN(100,ROUND(100*R64/MAX(O64,0.000001),2)))) -> 100 | U64: =IF(T64="","",IF(T64<40,"No aceptable",IF(T64<60,"Mínimamente aceptable",IF(T64<90,"Rango objetivo","Supera los requisitos")))) -> Supera los requisitos | V64: evaluacion/resultados/corrida-09/co01-exportaciones.json | W64: Chura Monroy, Daniel Wilston | Y64: Aceptar
A65: CI-01 | B65: Capacidad de interacción | C65: Operabilidad | D65: RNF-05 accesibilidad | E65: evaluacion/pruebas/interaccion.spec.js | F65: 01 | G65: v1.0 (e2ec6c9) | H65: 2026-10-27T05:09:45.825Z | I65: Windows_NT 10.0.26300 · Node v22.14.0 · Playwright Version 1.64.1 · Lighthouse 12.8.2 | J65: datos_abiertos_vigilancia_malaria_2000_2008.csv sha256:749d8897e94255d0; datos_abiertos_vigilancia_malaria_2009_2025.csv sha256:084ef118bd67753d | K65: proporcion | L65: 31 | M65: 31 | N65: X = A / B × 100 | O65: =IF(L65="","",IF(K65="proporcion",ROUND(L65/M65*100,2),L65)) -> 100 | P65: % | Q65: mayor | R65: 95 | S65: =IF(O65="","Pendiente",IF(Q65="mayor",IF(O65>=R65,"Aprobado","Rechazado"),IF(O65<=R65,"Aprobado","Rechazado"))) -> Aprobado | T65: =IF(O65="","",IF(K65="proporcion",O65,MIN(100,ROUND(100*R65/MAX(O65,0.000001),2)))) -> 100 | U65: =IF(T65="","",IF(T65<40,"No aceptable",IF(T65<60,"Mínimamente aceptable",IF(T65<90,"Rango objetivo","Supera los requisitos")))) -> Supera los requisitos | V65: evaluacion/resultados/corrida-01/interaccion.json | W65: Lopez Arela, Ower Frank | Y65: Aceptar
A66: CI-01 | B66: Capacidad de interacción | C66: Operabilidad | D66: RNF-05 accesibilidad | E66: evaluacion/pruebas/interaccion.spec.js | F66: 02 | G66: v1.1 (a63333f) | H66: 2026-10-27T05:22:39.464Z | I66: Windows_NT 10.0.26300 · Node v22.14.0 · Playwright Version 1.64.1 · Lighthouse 12.8.2 | J66: datos_abiertos_vigilancia_malaria_2000_2008.csv sha256:749d8897e94255d0; datos_abiertos_vigilancia_malaria_2009_2025.csv sha256:084ef118bd67753d | K66: proporcion | L66: 31 | M66: 31 | N66: X = A / B × 100 | O66: =IF(L66="","",IF(K66="proporcion",ROUND(L66/M66*100,2),L66)) -> 100 | P66: % | Q66: mayor | R66: 95 | S66: =IF(O66="","Pendiente",IF(Q66="mayor",IF(O66>=R66,"Aprobado","Rechazado"),IF(O66<=R66,"Aprobado","Rechazado"))) -> Aprobado | T66: =IF(O66="","",IF(K66="proporcion",O66,MIN(100,ROUND(100*R66/MAX(O66,0.000001),2)))) -> 100 | U66: =IF(T66="","",IF(T66<40,"No aceptable",IF(T66<60,"Mínimamente aceptable",IF(T66<90,"Rango objetivo","Supera los requisitos")))) -> Supera los requisitos | V66: evaluacion/resultados/corrida-02/interaccion.json | W66: Lopez Arela, Ower Frank | Y66: Aceptar
A67: CI-01 | B67: Capacidad de interacción | C67: Operabilidad | D67: RNF-05 accesibilidad | E67: evaluacion/pruebas/interaccion.spec.js | F67: 03 | G67: v1.2 (ecfaca3) | H67: 2026-10-27T11:13:27.260Z | I67: Windows_NT 10.0.26300 · Node v22.14.0 · Playwright Version 1.64.1 · Lighthouse 12.8.2 | J67: datos_abiertos_vigilancia_malaria_2000_2008.csv sha256:749d8897e94255d0; datos_abiertos_vigilancia_malaria_2009_2025.csv sha256:084ef118bd67753d | K67: proporcion | L67: 31 | M67: 31 | N67: X = A / B × 100 | O67: =IF(L67="","",IF(K67="proporcion",ROUND(L67/M67*100,2),L67)) -> 100 | P67: % | Q67: mayor | R67: 95 | S67: =IF(O67="","Pendiente",IF(Q67="mayor",IF(O67>=R67,"Aprobado","Rechazado"),IF(O67<=R67,"Aprobado","Rechazado"))) -> Aprobado | T67: =IF(O67="","",IF(K67="proporcion",O67,MIN(100,ROUND(100*R67/MAX(O67,0.000001),2)))) -> 100 | U67: =IF(T67="","",IF(T67<40,"No aceptable",IF(T67<60,"Mínimamente aceptable",IF(T67<90,"Rango objetivo","Supera los requisitos")))) -> Supera los requisitos | V67: evaluacion/resultados/corrida-03/interaccion.json | W67: Lopez Arela, Ower Frank | Y67: Aceptar
... A82: CI-02 | B82: Capacidad de interacción | C82: Protección contra errores de usuario | D82: RNF-06 | E82: evaluacion/pruebas/interaccion.spec.js | F82: 09 | G82: v1.8 (ed65ebc) | H82: 2026-10-27T12:16:43.263Z | I82: Windows_NT 10.0.26300 · Node v22.14.0 · Playwright Version 1.64.1 · Lighthouse 12.8.2 | J82: datos_abiertos_vigilancia_malaria_2000_2008.csv sha256:749d8897e94255d0; datos_abiertos_vigilancia_malaria_2009_2025.csv sha256:084ef118bd67753d | K82: proporcion | L82: 5 | M82: 5 | N82: X = A / B × 100 | O82: =IF(L82="","",IF(K82="proporcion",ROUND(L82/M82*100,2),L82)) -> 100 | P82: % | Q82: mayor | R82: 100 | S82: =IF(O82="","Pendiente",IF(Q82="mayor",IF(O82>=R82,"Aprobado","Rechazado"),IF(O82<=R82,"Aprobado","Rechazado"))) -> Aprobado | T82: =IF(O82="","",IF(K82="proporcion",O82,MIN(100,ROUND(100*R82/MAX(O82,0.000001),2)))) -> 100 | U82: =IF(T82="","",IF(T82<40,"No aceptable",IF(T82<60,"Mínimamente aceptable",IF(T82<90,"Rango objetivo","Supera los requisitos")))) -> Supera los requisitos | V82: evaluacion/resultados/corrida-09/interaccion.json | W82: Lopez Arela, Ower Frank | Y82: Aceptar
A83: CI-03 | B83: Capacidad de interacción | C83: Inclusividad | D83: RNF-05 accesibilidad | E83: evaluacion/pruebas/accesibilidad.spec.js | F83: 01 | G83: v1.0 (e2ec6c9) | H83: 2026-10-27T05:09:45.825Z | I83: Windows_NT 10.0.26300 · Node v22.14.0 · Playwright Version 1.64.1 · Lighthouse 12.8.2 | J83: datos_abiertos_vigilancia_malaria_2000_2008.csv sha256:749d8897e94255d0; datos_abiertos_vigilancia_malaria_2009_2025.csv sha256:084ef118bd67753d | K83: proporcion | L83: 0 | M83: 4 | N83: X = A / B × 100 | O83: =IF(L83="","",IF(K83="proporcion",ROUND(L83/M83*100,2),L83)) -> 0 | P83: % | Q83: mayor | R83: 100 | S83: =IF(O83="","Pendiente",IF(Q83="mayor",IF(O83>=R83,"Aprobado","Rechazado"),IF(O83<=R83,"Aprobado","Rechazado"))) -> Rechazado | T83: =IF(O83="","",IF(K83="proporcion",O83,MIN(100,ROUND(100*R83/MAX(O83,0.000001),2)))) -> 0 | U83: =IF(T83="","",IF(T83<40,"No aceptable",IF(T83<60,"Mínimamente aceptable",IF(T83<90,"Rango objetivo","Supera los requisitos")))) -> No aceptable | V83: evaluacion/resultados/corrida-01/ci03-axe.json, playwright.json | W83: Lopez Arela, Ower Frank | X83: INC-01, INC-02, INC-05 | Y83: Se retiró el aria-label para que el nombre accesible sea el texto visible. Verificado en la corrida 02. comun.js asigna tabindex=0, role=region y un aria-label traducido a cada .tablewrap. Verificado en la corrida 02. utilidades.js escribe cada fila en el archivo en el momento en que se mide. CI-03 se calcula sobre los 4 casos de Playwright.
A84: CI-03 | B84: Capacidad de interacción | C84: Inclusividad | D84: RNF-05 accesibilidad | E84: evaluacion/pruebas/accesibilidad.spec.js | F84: 02 | G84: v1.1 (a63333f) | H84: 2026-10-27T05:22:39.464Z | I84: Windows_NT 10.0.26300 · Node v22.14.0 · Playwright Version 1.64.1 · Lighthouse 12.8.2 | J84: datos_abiertos_vigilancia_malaria_2000_2008.csv sha256:749d8897e94255d0; datos_abiertos_vigilancia_malaria_2009_2025.csv sha256:084ef118bd67753d | K84: proporcion | L84: 4 | M84: 4 | N84: X = A / B × 100 | O84: =IF(L84="","",IF(K84="proporcion",ROUND(L84/M84*100,2),L84)) -> 100 | P84: % | Q84: mayor | R84: 100 | S84: =IF(O84="","Pendiente",IF(Q84="mayor",IF(O84>=R84,"Aprobado","Rechazado"),IF(O84<=R84,"Aprobado","Rechazado"))) -> Aprobado | T84: =IF(O84="","",IF(K84="proporcion",O84,MIN(100,ROUND(100*R84/MAX(O84,0.000001),2)))) -> 100 | U84: =IF(T84="","",IF(T84<40,"No aceptable",IF(T84<60,"Mínimamente aceptable",IF(T84<90,"Rango objetivo","Supera los requisitos")))) -> Supera los requisitos | V84: evaluacion/resultados/corrida-02/ci03-axe.json, playwright.json | W84: Lopez Arela, Ower Frank | X84: INC-11 | Y84: En pantallas pequeñas el texto se oculta solo de forma visual (clip-path), así que sigue siendo el nombre accesible. Se verifica en la corrida 03 con Lighthouse móvil.
A85: CI-03 | B85: Capacidad de interacción | C85: Inclusividad | D85: RNF-05 accesibilidad | E85: evaluacion/pruebas/accesibilidad.spec.js | F85: 03 | G85: v1.2 (ecfaca3) | H85: 2026-10-27T11:13:27.260Z | I85: Windows_NT 10.0.26300 · Node v22.14.0 · Playwright Version 1.64.1 · Lighthouse 12.8.2 | J85: datos_abiertos_vigilancia_malaria_2000_2008.csv sha256:749d8897e94255d0; datos_abiertos_vigilancia_malaria_2009_2025.csv sha256:084ef118bd67753d | K85: proporcion | L85: 4 | M85: 4 | N85: X = A / B × 100 | O85: =IF(L85="","",IF(K85="proporcion",ROUND(L85/M85*100,2),L85)) -> 100 | P85: % | Q85: mayor | R85: 100 | S85: =IF(O85="","Pendiente",IF(Q85="mayor",IF(O85>=R85,"Aprobado","Rechazado"),IF(O85<=R85,"Aprobado","Rechazado"))) -> Aprobado | T85: =IF(O85="","",IF(K85="proporcion",O85,MIN(100,ROUND(100*R85/MAX(O85,0.000001),2)))) -> 100 | U85: =IF(T85="","",IF(T85<40,"No aceptable",IF(T85<60,"Mínimamente aceptable",IF(T85<90,"Rango objetivo","Supera los requisitos")))) -> Supera los requisitos | V85: evaluacion/resultados/corrida-03/ci03-axe.json, playwright.json | W85: Lopez Arela, Ower Frank | Y85: Aceptar
A86: CI-03 | B86: Capacidad de interacción | C86: Inclusividad | D86: RNF-05 accesibilidad | E86: evaluacion/pruebas/accesibilidad.spec.js | F86: 04 | G86: v1.3 (1219f7a) | H86: 2026-10-27T11:22:57.351Z | I86: Windows_NT 10.0.26300 · Node v22.14.0 · Playwright Version 1.64.1 · Lighthouse 12.8.2 | J86: datos_abiertos_vigilancia_malaria_2000_2008.csv sha256:749d8897e94255d0; datos_abiertos_vigilancia_malaria_2009_2025.csv sha256:084ef118bd67753d | K86: proporcion | L86: 4 | M86: 4 | N86: X = A / B × 100 | O86: =IF(L86="","",IF(K86="proporcion",ROUND(L86/M86*100,2),L86)) -> 100 | P86: % | Q86: mayor | R86: 100 | S86: =IF(O86="","Pendiente",IF(Q86="mayor",IF(O86>=R86,"Aprobado","Rechazado"),IF(O86<=R86,"Aprobado","Rechazado"))) -> Aprobado | T86: =IF(O86="","",IF(K86="proporcion",O86,MIN(100,ROUND(100*R86/MAX(O86,0.000001),2)))) -> 100 | U86: =IF(T86="","",IF(T86<40,"No aceptable",IF(T86<60,"Mínimamente aceptable",IF(T86<90,"Rango objetivo","Supera los requisitos")))) -> Supera los requisitos | V86: evaluacion/resultados/corrida-04/ci03-axe.json, playwright.json | W86: Lopez Arela, Ower Frank | Y86: Aceptar
A87: CI-03 | B87: Capacidad de interacción | C87: Inclusividad | D87: RNF-05 accesibilidad | E87: evaluacion/pruebas/accesibilidad.spec.js | F87: 05 | G87: v1.4 (ecd9c46) | H87: 2026-10-27T11:34:29.914Z | I87: Windows_NT 10.0.26300 · Node v22.14.0 · Playwright Version 1.64.1 · Lighthouse 12.8.2 | J87: datos_abiertos_vigilancia_malaria_2000_2008.csv sha256:749d8897e94255d0; datos_abiertos_vigilancia_malaria_2009_2025.csv sha256:084ef118bd67753d | K87: proporcion | L87: 4 | M87: 4 | N87: X = A / B × 100 | O87: =IF(L87="","",IF(K87="proporcion",ROUND(L87/M87*100,2),L87)) -> 100 | P87: % | Q87: mayor | R87: 100 | S87: =IF(O87="","Pendiente",IF(Q87="mayor",IF(O87>=R87,"Aprobado","Rechazado"),IF(O87<=R87,"Aprobado","Rechazado"))) -> Aprobado | T87: =IF(O87="","",IF(K87="proporcion",O87,MIN(100,ROUND(100*R87/MAX(O87,0.000001),2)))) -> 100 | U87: =IF(T87="","",IF(T87<40,"No aceptable",IF(T87<60,"Mínimamente aceptable",IF(T87<90,"Rango objetivo","Supera los requisitos")))) -> Supera los requisitos | V87: evaluacion/resultados/corrida-05/ci03-axe.json, playwright.json | W87: Lopez Arela, Ower Frank | Y87: Aceptar
A88: CI-03 | B88: Capacidad de interacción | C88: Inclusividad | D88: RNF-05 accesibilidad | E88: evaluacion/pruebas/accesibilidad.spec.js | F88: 06 | G88: v1.5 (2aca5a2) | H88: 2026-10-27T11:44:29.601Z | I88: Windows_NT 10.0.26300 · Node v22.14.0 · Playwright Version 1.64.1 · Lighthouse 12.8.2 | J88: datos_abiertos_vigilancia_malaria_2000_2008.csv sha256:749d8897e94255d0; datos_abiertos_vigilancia_malaria_2009_2025.csv sha256:084ef118bd67753d | K88: proporcion | L88: 4 | M88: 4 | N88: X = A / B × 100 | O88: =IF(L88="","",IF(K88="proporcion",ROUND(L88/M88*100,2),L88)) -> 100 | P88: % | Q88: mayor | R88: 100 | S88: =IF(O88="","Pendiente",IF(Q88="mayor",IF(O88>=R88,"Aprobado","Rechazado"),IF(O88<=R88,"Aprobado","Rechazado"))) -> Aprobado | T88: =IF(O88="","",IF(K88="proporcion",O88,MIN(100,ROUND(100*R88/MAX(O88,0.000001),2)))) -> 100 | U88: =IF(T88="","",IF(T88<40,"No aceptable",IF(T88<60,"Mínimamente aceptable",IF(T88<90,"Rango objetivo","Supera los requisitos")))) -> Supera los requisitos | V88: evaluacion/resultados/corrida-06/ci03-axe.json, playwright.json | W88: Lopez Arela, Ower Frank | Y88: Aceptar
A89: CI-03 | B89: Capacidad de interacción | C89: Inclusividad | D89: RNF-05 accesibilidad | E89: evaluacion/pruebas/accesibilidad.spec.js | F89: 07 | G89: v1.6 (f47b30f) | H89: 2026-10-27T11:55:54.129Z | I89: Windows_NT 10.0.26300 · Node v22.14.0 · Playwright Version 1.64.1 · Lighthouse 12.8.2 | J89: datos_abiertos_vigilancia_malaria_2000_2008.csv sha256:749d8897e94255d0; datos_abiertos_vigilancia_malaria_2009_2025.csv sha256:084ef118bd67753d | K89: proporcion | L89: 4 | M89: 4 | N89: X = A / B × 100 | O89: =IF(L89="","",IF(K89="proporcion",ROUND(L89/M89*100,2),L89)) -> 100 | P89: % | Q89: mayor | R89: 100 | S89: =IF(O89="","Pendiente",IF(Q89="mayor",IF(O89>=R89,"Aprobado","Rechazado"),IF(O89<=R89,"Aprobado","Rechazado"))) -> Aprobado | T89: =IF(O89="","",IF(K89="proporcion",O89,MIN(100,ROUND(100*R89/MAX(O89,0.000001),2)))) -> 100 | U89: =IF(T89="","",IF(T89<40,"No aceptable",IF(T89<60,"Mínimamente aceptable",IF(T89<90,"Rango objetivo","Supera los requisitos")))) -> Supera los requisitos | V89: evaluacion/resultados/corrida-07/ci03-axe.json, playwright.json | W89: Lopez Arela, Ower Frank | Y89: Aceptar
A90: CI-03 | B90: Capacidad de interacción | C90: Inclusividad | D90: RNF-05 accesibilidad | E90: evaluacion/pruebas/accesibilidad.spec.js | F90: 08 | G90: v1.7 (b0ac637) | H90: 2026-10-27T12:06:18.210Z | I90: Windows_NT 10.0.26300 · Node v22.14.0 · Playwright Version 1.64.1 · Lighthouse 12.8.2 | J90: datos_abiertos_vigilancia_malaria_2000_2008.csv sha256:749d8897e94255d0; datos_abiertos_vigilancia_malaria_2009_2025.csv sha256:084ef118bd67753d | K90: proporcion | L90: 4 | M90: 4 | N90: X = A / B × 100 | O90: =IF(L90="","",IF(K90="proporcion",ROUND(L90/M90*100,2),L90)) -> 100 | P90: % | Q90: mayor | R90: 100 | S90: =IF(O90="","Pendiente",IF(Q90="mayor",IF(O90>=R90,"Aprobado","Rechazado"),IF(O90<=R90,"Aprobado","Rechazado"))) -> Aprobado | T90: =IF(O90="","",IF(K90="proporcion",O90,MIN(100,ROUND(100*R90/MAX(O90,0.000001),2)))) -> 100 | U90: =IF(T90="","",IF(T90<40,"No aceptable",IF(T90<60,"Mínimamente aceptable",IF(T90<90,"Rango objetivo","Supera los requisitos")))) -> Supera los requisitos | V90: evaluacion/resultados/corrida-08/ci03-axe.json, playwright.json | W90: Lopez Arela, Ower Frank | Y90: Aceptar
A91: CI-03 | B91: Capacidad de interacción | C91: Inclusividad | D91: RNF-05 accesibilidad | E91: evaluacion/pruebas/accesibilidad.spec.js | F91: 09 | G91: v1.8 (ed65ebc) | H91: 2026-10-27T12:16:43.263Z | I91: Windows_NT 10.0.26300 · Node v22.14.0 · Playwright Version 1.64.1 · Lighthouse 12.8.2 | J91: datos_abiertos_vigilancia_malaria_2000_2008.csv sha256:749d8897e94255d0; datos_abiertos_vigilancia_malaria_2009_2025.csv sha256:084ef118bd67753d | K91: proporcion | L91: 4 | M91: 4 | N91: X = A / B × 100 | O91: =IF(L91="","",IF(K91="proporcion",ROUND(L91/M91*100,2),L91)) -> 100 | P91: % | Q91: mayor | R91: 100 | S91: =IF(O91="","Pendiente",IF(Q91="mayor",IF(O91>=R91,"Aprobado","Rechazado"),IF(O91<=R91,"Aprobado","Rechazado"))) -> Aprobado | T91: =IF(O91="","",IF(K91="proporcion",O91,MIN(100,ROUND(100*R91/MAX(O91,0.000001),2)))) -> 100 | U91: =IF(T91="","",IF(T91<40,"No aceptable",IF(T91<60,"Mínimamente aceptable",IF(T91<90,"Rango objetivo","Supera los requisitos")))) -> Supera los requisitos | V91: evaluacion/resultados/corrida-09/ci03-axe.json, playwright.json | W91: Lopez Arela, Ower Frank | Y91: Aceptar
A92: CI-04 | B92: Capacidad de interacción | C92: Autodescriptividad | D92: RNF-05 | E92: evaluacion/pruebas/interaccion.spec.js | F92: 01 | G92: v1.0 (e2ec6c9) | H92: 2026-10-27T05:09:45.825Z | I92: Windows_NT 10.0.26300 · Node v22.14.0 · Playwright Version 1.64.1 · Lighthouse 12.8.2 | J92: datos_abiertos_vigilancia_malaria_2000_2008.csv sha256:749d8897e94255d0; datos_abiertos_vigilancia_malaria_2009_2025.csv sha256:084ef118bd67753d | K92: proporcion | L92: 5 | M92: 5 | N92: X = A / B × 100 | O92: =IF(L92="","",IF(K92="proporcion",ROUND(L92/M92*100,2),L92)) -> 100 | P92: % | Q92: mayor | R92: 100 | S92: =IF(O92="","Pendiente",IF(Q92="mayor",IF(O92>=R92,"Aprobado","Rechazado"),IF(O92<=R92,"Aprobado","Rechazado"))) -> Aprobado | T92: =IF(O92="","",IF(K92="proporcion",O92,MIN(100,ROUND(100*R92/MAX(O92,0.000001),2)))) -> 100 | U92: =IF(T92="","",IF(T92<40,"No aceptable",IF(T92<60,"Mínimamente aceptable",IF(T92<90,"Rango objetivo","Supera los requisitos")))) -> Supera los requisitos | V92: evaluacion/resultados/corrida-01/interaccion.json | W92: Lopez Arela, Ower Frank | Y92: Aceptar
A93: CI-04 | B93: Capacidad de interacción | C93: Autodescriptividad | D93: RNF-05 | E93: evaluacion/pruebas/interaccion.spec.js | F93: 02 | G93: v1.1 (a63333f) | H93: 2026-10-27T05:22:39.464Z | I93: Windows_NT 10.0.26300 · Node v22.14.0 · Playwright Version 1.64.1 · Lighthouse 12.8.2 | J93: datos_abiertos_vigilancia_malaria_2000_2008.csv sha256:749d8897e94255d0; datos_abiertos_vigilancia_malaria_2009_2025.csv sha256:084ef118bd67753d | K93: proporcion | L93: 5 | M93: 5 | N93: X = A / B × 100 | O93: =IF(L93="","",IF(K93="proporcion",ROUND(L93/M93*100,2),L93)) -> 100 | P93: % | Q93: mayor | R93: 100 | S93: =IF(O93="","Pendiente",IF(Q93="mayor",IF(O93>=R93,"Aprobado","Rechazado"),IF(O93<=R93,"Aprobado","Rechazado"))) -> Aprobado | T93: =IF(O93="","",IF(K93="proporcion",O93,MIN(100,ROUND(100*R93/MAX(O93,0.000001),2)))) -> 100 | U93: =IF(T93="","",IF(T93<40,"No aceptable",IF(T93<60,"Mínimamente aceptable",IF(T93<90,"Rango objetivo","Supera los requisitos")))) -> Supera los requisitos | V93: evaluacion/resultados/corrida-02/interaccion.json | W93: Lopez Arela, Ower Frank | Y93: Aceptar
A94: CI-04 | B94: Capacidad de interacción | C94: Autodescriptividad | D94: RNF-05 | E94: evaluacion/pruebas/interaccion.spec.js | F94: 03 | G94: v1.2 (ecfaca3) | H94: 2026-10-27T11:13:27.260Z | I94: Windows_NT 10.0.26300 · Node v22.14.0 · Playwright Version 1.64.1 · Lighthouse 12.8.2 | J94: datos_abiertos_vigilancia_malaria_2000_2008.csv sha256:749d8897e94255d0; datos_abiertos_vigilancia_malaria_2009_2025.csv sha256:084ef118bd67753d | K94: proporcion | L94: 5 | M94: 5 | N94: X = A / B × 100 | O94: =IF(L94="","",IF(K94="proporcion",ROUND(L94/M94*100,2),L94)) -> 100 | P94: % | Q94: mayor | R94: 100 | S94: =IF(O94="","Pendiente",IF(Q94="mayor",IF(O94>=R94,"Aprobado","Rechazado"),IF(O94<=R94,"Aprobado","Rechazado"))) -> Aprobado | T94: =IF(O94="","",IF(K94="proporcion",O94,MIN(100,ROUND(100*R94/MAX(O94,0.000001),2)))) -> 100 | U94: =IF(T94="","",IF(T94<40,"No aceptable",IF(T94<60,"Mínimamente aceptable",IF(T94<90,"Rango objetivo","Supera los requisitos")))) -> Supera los requisitos | V94: evaluacion/resultados/corrida-03/interaccion.json | W94: Lopez Arela, Ower Frank | Y94: Aceptar
A95: CI-04 | B95: Capacidad de interacción | C95: Autodescriptividad | D95: RNF-05 | E95: evaluacion/pruebas/interaccion.spec.js | F95: 04 | G95: v1.3 (1219f7a) | H95: 2026-10-27T11:22:57.351Z | I95: Windows_NT 10.0.26300 · Node v22.14.0 · Playwright Version 1.64.1 · Lighthouse 12.8.2 | J95: datos_abiertos_vigilancia_malaria_2000_2008.csv sha256:749d8897e94255d0; datos_abiertos_vigilancia_malaria_2009_2025.csv sha256:084ef118bd67753d | K95: proporcion | L95: 5 | M95: 5 | N95: X = A / B × 100 | O95: =IF(L95="","",IF(K95="proporcion",ROUND(L95/M95*100,2),L95)) -> 100 | P95: % | Q95: mayor | R95: 100 | S95: =IF(O95="","Pendiente",IF(Q95="mayor",IF(O95>=R95,"Aprobado","Rechazado"),IF(O95<=R95,"Aprobado","Rechazado"))) -> Aprobado | T95: =IF(O95="","",IF(K95="proporcion",O95,MIN(100,ROUND(100*R95/MAX(O95,0.000001),2)))) -> 100 | U95: =IF(T95="","",IF(T95<40,"No aceptable",IF(T95<60,"Mínimamente aceptable",IF(T95<90,"Rango objetivo","Supera los requisitos")))) -> Supera los requisitos | V95: evaluacion/resultados/corrida-04/interaccion.json | W95: Lopez Arela, Ower Frank | Y95: Aceptar
A96: CI-04 | B96: Capacidad de interacción | C96: Autodescriptividad | D96: RNF-05 | E96: evaluacion/pruebas/interaccion.spec.js | F96: 05 | G96: v1.4 (ecd9c46) | H96: 2026-10-27T11:34:29.914Z | I96: Windows_NT 10.0.26300 · Node v22.14.0 · Playwright Version 1.64.1 · Lighthouse 12.8.2 | J96: datos_abiertos_vigilancia_malaria_2000_2008.csv sha256:749d8897e94255d0; datos_abiertos_vigilancia_malaria_2009_2025.csv sha256:084ef118bd67753d | K96: proporcion | L96: 5 | M96: 5 | N96: X = A / B × 100 | O96: =IF(L96="","",IF(K96="proporcion",ROUND(L96/M96*100,2),L96)) -> 100 | P96: % | Q96: mayor | R96: 100 | S96: =IF(O96="","Pendiente",IF(Q96="mayor",IF(O96>=R96,"Aprobado","Rechazado"),IF(O96<=R96,"Aprobado","Rechazado"))) -> Aprobado | T96: =IF(O96="","",IF(K96="proporcion",O96,MIN(100,ROUND(100*R96/MAX(O96,0.000001),2)))) -> 100 | U96: =IF(T96="","",IF(T96<40,"No aceptable",IF(T96<60,"Mínimamente aceptable",IF(T96<90,"Rango objetivo","Supera los requisitos")))) -> Supera los requisitos | V96: evaluacion/resultados/corrida-05/interaccion.json | W96: Lopez Arela, Ower Frank | X96: INC-16 | Y96: El nombre científico usa <em>. Se verificó que las tres leyendas no desbordan (scrollWidth = clientWidth). Se recomienda ampliar CI-04 con una comprobación de legibilidad. Se verifica en la corrida 06.
A97: CI-04 | B97: Capacidad de interacción | C97: Autodescriptividad | D97: RNF-05 | E97: evaluacion/pruebas/interaccion.spec.js | F97: 06 | G97: v1.5 (2aca5a2) | H97: 2026-10-27T11:44:29.601Z | I97: Windows_NT 10.0.26300 · Node v22.14.0 · Playwright Version 1.64.1 · Lighthouse 12.8.2 | J97: datos_abiertos_vigilancia_malaria_2000_2008.csv sha256:749d8897e94255d0; datos_abiertos_vigilancia_malaria_2009_2025.csv sha256:084ef118bd67753d | K97: proporcion | L97: 5 | M97: 5 | N97: X = A / B × 100 | O97: =IF(L97="","",IF(K97="proporcion",ROUND(L97/M97*100,2),L97)) -> 100 | P97: % | Q97: mayor | R97: 100 | S97: =IF(O97="","Pendiente",IF(Q97="mayor",IF(O97>=R97,"Aprobado","Rechazado"),IF(O97<=R97,"Aprobado","Rechazado"))) -> Aprobado | T97: =IF(O97="","",IF(K97="proporcion",O97,MIN(100,ROUND(100*R97/MAX(O97,0.000001),2)))) -> 100 | U97: =IF(T97="","",IF(T97<40,"No aceptable",IF(T97<60,"Mínimamente aceptable",IF(T97<90,"Rango objetivo","Supera los requisitos")))) -> Supera los requisitos | V97: evaluacion/resultados/corrida-06/interaccion.json | W97: Lopez Arela, Ower Frank | X97: INC-18 | Y97: Las etiquetas se ordenan y se separan con un mínimo de 14 px, sin salir del área del gráfico. Se verifica en la corrida 07.
A98: CI-04 | B98: Capacidad de interacción | C98: Autodescriptividad | D98: RNF-05 | E98: evaluacion/pruebas/interaccion.spec.js | F98: 07 | G98: v1.6 (f47b30f) | H98: 2026-10-27T11:55:54.129Z | I98: Windows_NT 10.0.26300 · Node v22.14.0 · Playwright Version 1.64.1 · Lighthouse 12.8.2 | J98: datos_abiertos_vigilancia_malaria_2000_2008.csv sha256:749d8897e94255d0; datos_abiertos_vigilancia_malaria_2009_2025.csv sha256:084ef118bd67753d | K98: proporcion | L98: 5 | M98: 5 | N98: X = A / B × 100 | O98: =IF(L98="","",IF(K98="proporcion",ROUND(L98/M98*100,2),L98)) -> 100 | P98: % | Q98: mayor | R98: 100 | S98: =IF(O98="","Pendiente",IF(Q98="mayor",IF(O98>=R98,"Aprobado","Rechazado"),IF(O98<=R98,"Aprobado","Rechazado"))) -> Aprobado | T98: =IF(O98="","",IF(K98="proporcion",O98,MIN(100,ROUND(100*R98/MAX(O98,0.000001),2)))) -> 100 | U98: =IF(T98="","",IF(T98<40,"No aceptable",IF(T98<60,"Mínimamente aceptable",IF(T98<90,"Rango objetivo","Supera los requisitos")))) -> Supera los requisitos | V98: evaluacion/resultados/corrida-07/interaccion.json | W98: Lopez Arela, Ower Frank | Y98: Aceptar
A99: CI-04 | B99: Capacidad de interacción | C99: Autodescriptividad | D99: RNF-05 | E99: evaluacion/pruebas/interaccion.spec.js | F99: 08 | G99: v1.7 (b0ac637) | H99: 2026-10-27T12:06:18.210Z | I99: Windows_NT 10.0.26300 · Node v22.14.0 · Playwright Version 1.64.1 · Lighthouse 12.8.2 | J99: datos_abiertos_vigilancia_malaria_2000_2008.csv sha256:749d8897e94255d0; datos_abiertos_vigilancia_malaria_2009_2025.csv sha256:084ef118bd67753d | K99: proporcion | L99: 5 | M99: 5 | N99: X = A / B × 100 | O99: =IF(L99="","",IF(K99="proporcion",ROUND(L99/M99*100,2),L99)) -> 100 | P99: % | Q99: mayor | R99: 100 | S99: =IF(O99="","Pendiente",IF(Q99="mayor",IF(O99>=R99,"Aprobado","Rechazado"),IF(O99<=R99,"Aprobado","Rechazado"))) -> Aprobado | T99: =IF(O99="","",IF(K99="proporcion",O99,MIN(100,ROUND(100*R99/MAX(O99,0.000001),2)))) -> 100 | U99: =IF(T99="","",IF(T99<40,"No aceptable",IF(T99<60,"Mínimamente aceptable",IF(T99<90,"Rango objetivo","Supera los requisitos")))) -> Supera los requisitos | V99: evaluacion/resultados/corrida-08/interaccion.json | W99: Lopez Arela, Ower Frank | Y99: Aceptar
A100: CI-04 | B100: Capacidad de interacción | C100: Autodescriptividad | D100: RNF-05 | E100: evaluacion/pruebas/interaccion.spec.js | F100: 09 | G100: v1.8 (ed65ebc) | H100: 2026-10-27T12:16:43.263Z | I100: Windows_NT 10.0.26300 · Node v22.14.0 · Playwright Version 1.64.1 · Lighthouse 12.8.2 | J100: datos_abiertos_vigilancia_malaria_2000_2008.csv sha256:749d8897e94255d0; datos_abiertos_vigilancia_malaria_2009_2025.csv sha256:084ef118bd67753d | K100: proporcion | L100: 5 | M100: 5 | N100: X = A / B × 100 | O100: =IF(L100="","",IF(K100="proporcion",ROUND(L100/M100*100,2),L100)) -> 100 | P100: % | Q100: mayor | R100: 100 | S100: =IF(O100="","Pendiente",IF(Q100="mayor",IF(O100>=R100,"Aprobado","Rechazado"),IF(O100<=R100,"Aprobado","Rechazado"))) -> Aprobado | T100: =IF(O100="","",IF(K100="proporcion",O100,MIN(100,ROUND(100*R100/MAX(O100,0.000001),2)))) -> 100 | U100: =IF(T100="","",IF(T100<40,"No aceptable",IF(T100<60,"Mínimamente aceptable",IF(T100<90,"Rango objetivo","Supera los requisitos")))) -> Supera los requisitos | V100: evaluacion/resultados/corrida-09/interaccion.json | W100: Lopez Arela, Ower Frank | Y100: Aceptar
A101: FI-01 | B101: Fiabilidad | C101: Ausencia de fallos | D101: RNF-07 | E101: evaluacion/pruebas/adaptabilidad.spec.js | F101: 01 | G101: v1.0 (e2ec6c9) | H101: 2026-10-27T05:09:45.825Z | I101: Windows_NT 10.0.26300 · Node v22.14.0 · Playwright Version 1.64.1 · Lighthouse 12.8.2 | J101: datos_abiertos_vigilancia_malaria_2000_2008.csv sha256:749d8897e94255d0; datos_abiertos_vigilancia_malaria_2009_2025.csv sha256:084ef118bd67753d | K101: proporcion | L101: 3 | M101: 9 | N101: X = A / B × 100 | O101: =IF(L101="","",IF(K101="proporcion",ROUND(L101/M101*100,2),L101)) -> 33.33 | P101: % | Q101: mayor | R101: 100 | S101: =IF(O101="","Pendiente",IF(Q101="mayor",IF(O101>=R101,"Aprobado","Rechazado"),IF(O101<=R101,"Aprobado","Rechazado"))) -> Rechazado | T101: =IF(O101="","",IF(K101="proporcion",O101,MIN(100,ROUND(100*R101/MAX(O101,0.000001),2)))) -> 33.33 | U101: =IF(T101="","",IF(T101<40,"No aceptable",IF(T101<60,"Mínimamente aceptable",IF(T101<90,"Rango objetivo","Supera los requisitos")))) -> No aceptable | V101: evaluacion/resultados/corrida-01/adaptabilidad-*.json, playwright.json | W101: Lopez Arela, Ower Frank | Y101: Registrar incidente y corregir
A102: FI-01 | B102: Fiabilidad | C102: Ausencia de fallos | D102: RNF-07 | E102: evaluacion/pruebas/adaptabilidad.spec.js | F102: 02 | G102: v1.1 (a63333f) | H102: 2026-10-27T05:22:39.464Z | I102: Windows_NT 10.0.26300 · Node v22.14.0 · Playwright Version 1.64.1 · Lighthouse 12.8.2 | J102: datos_abiertos_vigilancia_malaria_2000_2008.csv sha256:749d8897e94255d0; datos_abiertos_vigilancia_malaria_2009_2025.csv sha256:084ef118bd67753d | K102: proporcion | L102: 9 | M102: 9 | N102: X = A / B × 100 | O102: =IF(L102="","",IF(K102="proporcion",ROUND(L102/M102*100,2),L102)) -> 100 | P102: % | Q102: mayor | R102: 100 | S102: =IF(O102="","Pendiente",IF(Q102="mayor",IF(O102>=R102,"Aprobado","Rechazado"),IF(O102<=R102,"Aprobado","Rechazado"))) -> Aprobado | T102: =IF(O102="","",IF(K102="proporcion",O102,MIN(100,ROUND(100*R102/MAX(O102,0.000001),2)))) -> 100 | U102: =IF(T102="","",IF(T102<40,"No aceptable",IF(T102<60,"Mínimamente aceptable",IF(T102<90,"Rango objetivo","Supera los requisitos")))) -> Supera los requisitos | V102: evaluacion/resultados/corrida-02/adaptabilidad-*.json, playwright.json | W102: Lopez Arela, Ower Frank | Y102: Aceptar
A103: FI-01 | B103: Fiabilidad | C103: Ausencia de fallos | D103: RNF-07 | E103: evaluacion/pruebas/adaptabilidad.spec.js | F103: 03 | G103: v1.2 (ecfaca3) | H103: 2026-10-27T11:13:27.260Z | I103: Windows_NT 10.0.26300 · Node v22.14.0 · Playwright Version 1.64.1 · Lighthouse 12.8.2 | J103: datos_abiertos_vigilancia_malaria_2000_2008.csv sha256:749d8897e94255d0; datos_abiertos_vigilancia_malaria_2009_2025.csv sha256:084ef118bd67753d | K103: proporcion | L103: 9 | M103: 9 | N103: X = A / B × 100 | O103: =IF(L103="","",IF(K103="proporcion",ROUND(L103/M103*100,2),L103)) -> 100 | P103: % | Q103: mayor | R103: 100 | S103: =IF(O103="","Pendiente",IF(Q103="mayor",IF(O103>=R103,"Aprobado","Rechazado"),IF(O103<=R103,"Aprobado","Rechazado"))) -> Aprobado | T103: =IF(O103="","",IF(K103="proporcion",O103,MIN(100,ROUND(100*R103/MAX(O103,0.000001),2)))) -> 100 | U103: =IF(T103="","",IF(T103<40,"No aceptable",IF(T103<60,"Mínimamente aceptable",IF(T103<90,"Rango objetivo","Supera los requisitos")))) -> Supera los requisitos | V103: evaluacion/resultados/corrida-03/adaptabilidad-*.json, playwright.json | W103: Lopez Arela, Ower Frank | Y103: Aceptar
A104: FI-01 | B104: Fiabilidad | C104: Ausencia de fallos | D104: RNF-07 | E104: evaluacion/pruebas/adaptabilidad.spec.js | F104: 04 | G104: v1.3 (1219f7a) | H104: 2026-10-27T11:22:57.351Z | I104: Windows_NT 10.0.26300 · Node v22.14.0 · Playwright Version 1.64.1 · Lighthouse 12.8.2 | J104: datos_abiertos_vigilancia_malaria_2000_2008.csv sha256:749d8897e94255d0; datos_abiertos_vigilancia_malaria_2009_2025.csv sha256:084ef118bd67753d | K104: proporcion | L104: 9 | M104: 9 | N104: X = A / B × 100 | O104: =IF(L104="","",IF(K104="proporcion",ROUND(L104/M104*100,2),L104)) -> 100 | P104: % | Q104: mayor | R104: 100 | S104: =IF(O104="","Pendiente",IF(Q104="mayor",IF(O104>=R104,"Aprobado","Rechazado"),IF(O104<=R104,"Aprobado","Rechazado"))) -> Aprobado | T104: =IF(O104="","",IF(K104="proporcion",O104,MIN(100,ROUND(100*R104/MAX(O104,0.000001),2)))) -> 100 | U104: =IF(T104="","",IF(T104<40,"No aceptable",IF(T104<60,"Mínimamente aceptable",IF(T104<90,"Rango objetivo","Supera los requisitos")))) -> Supera los requisitos | V104: evaluacion/resultados/corrida-04/adaptabilidad-*.json, playwright.json | W104: Lopez Arela, Ower Frank | Y104: Aceptar
A105: FI-01 | B105: Fiabilidad | C105: Ausencia de fallos | D105: RNF-07 | E105: evaluacion/pruebas/adaptabilidad.spec.js | F105: 05 | G105: v1.4 (ecd9c46) | H105: 2026-10-27T11:34:29.914Z | I105: Windows_NT 10.0.26300 · Node v22.14.0 · Playwright Version 1.64.1 · Lighthouse 12.8.2 | J105: datos_abiertos_vigilancia_malaria_2000_2008.csv sha256:749d8897e94255d0; datos_abiertos_vigilancia_malaria_2009_2025.csv sha256:084ef118bd67753d | K105: proporcion | L105: 9 | M105: 9 | N105: X = A / B × 100 | O105: =IF(L105="","",IF(K105="proporcion",ROUND(L105/M105*100,2),L105)) -> 100 | P105: % | Q105: mayor | R105: 100 | S105: =IF(O105="","Pendiente",IF(Q105="mayor",IF(O105>=R105,"Aprobado","Rechazado"),IF(O105<=R105,"Aprobado","Rechazado"))) -> Aprobado | T105: =IF(O105="","",IF(K105="proporcion",O105,MIN(100,ROUND(100*R105/MAX(O105,0.000001),2)))) -> 100 | U105: =IF(T105="","",IF(T105<40,"No aceptable",IF(T105<60,"Mínimamente aceptable",IF(T105<90,"Rango objetivo","Supera los requisitos")))) -> Supera los requisitos | V105: evaluacion/resultados/corrida-05/adaptabilidad-*.json, playwright.json | W105: Lopez Arela, Ower Frank | Y105: Aceptar
A106: FI-01 | B106: Fiabilidad | C106: Ausencia de fallos | D106: RNF-07 | E106: evaluacion/pruebas/adaptabilidad.spec.js | F106: 06 | G106: v1.5 (2aca5a2) | H106: 2026-10-27T11:44:29.601Z | I106: Windows_NT 10.0.26300 · Node v22.14.0 · Playwright Version 1.64.1 · Lighthouse 12.8.2 | J106: datos_abiertos_vigilancia_malaria_2000_2008.csv sha256:749d8897e94255d0; datos_abiertos_vigilancia_malaria_2009_2025.csv sha256:084ef118bd67753d | K106: proporcion | L106: 9 | M106: 9 | N106: X = A / B × 100 | O106: =IF(L106="","",IF(K106="proporcion",ROUND(L106/M106*100,2),L106)) -> 100 | P106: % | Q106: mayor | R106: 100 | S106: =IF(O106="","Pendiente",IF(Q106="mayor",IF(O106>=R106,"Aprobado","Rechazado"),IF(O106<=R106,"Aprobado","Rechazado"))) -> Aprobado | T106: =IF(O106="","",IF(K106="proporcion",O106,MIN(100,ROUND(100*R106/MAX(O106,0.000001),2)))) -> 100 | U106: =IF(T106="","",IF(T106<40,"No aceptable",IF(T106<60,"Mínimamente aceptable",IF(T106<90,"Rango objetivo","Supera los requisitos")))) -> Supera los requisitos | V106: evaluacion/resultados/corrida-06/adaptabilidad-*.json, playwright.json | W106: Lopez Arela, Ower Frank | Y106: Aceptar
A107: FI-01 | B107: Fiabilidad | C107: Ausencia de fallos | D107: RNF-07 | E107: evaluacion/pruebas/adaptabilidad.spec.js | F107: 07 | G107: v1.6 (f47b30f) | H107: 2026-10-27T11:55:54.129Z | I107: Windows_NT 10.0.26300 · Node v22.14.0 · Playwright Version 1.64.1 · Lighthouse 12.8.2 | J107: datos_abiertos_vigilancia_malaria_2000_2008.csv sha256:749d8897e94255d0; datos_abiertos_vigilancia_malaria_2009_2025.csv sha256:084ef118bd67753d | K107: proporcion | L107: 9 | M107: 9 | N107: X = A / B × 100 | O107: =IF(L107="","",IF(K107="proporcion",ROUND(L107/M107*100,2),L107)) -> 100 | P107: % | Q107: mayor | R107: 100 | S107: =IF(O107="","Pendiente",IF(Q107="mayor",IF(O107>=R107,"Aprobado","Rechazado"),IF(O107<=R107,"Aprobado","Rechazado"))) -> Aprobado | T107: =IF(O107="","",IF(K107="proporcion",O107,MIN(100,ROUND(100*R107/MAX(O107,0.000001),2)))) -> 100 | U107: =IF(T107="","",IF(T107<40,"No aceptable",IF(T107<60,"Mínimamente aceptable",IF(T107<90,"Rango objetivo","Supera los requisitos")))) -> Supera los requisitos | V107: evaluacion/resultados/corrida-07/adaptabilidad-*.json, playwright.json | W107: Lopez Arela, Ower Frank | Y107: Aceptar
A108: FI-01 | B108: Fiabilidad | C108: Ausencia de fallos | D108: RNF-07 | E108: evaluacion/pruebas/adaptabilidad.spec.js | F108: 08 | G108: v1.7 (b0ac637) | H108: 2026-10-27T12:06:18.210Z | I108: Windows_NT 10.0.26300 · Node v22.14.0 · Playwright Version 1.64.1 · Lighthouse 12.8.2 | J108: datos_abiertos_vigilancia_malaria_2000_2008.csv sha256:749d8897e94255d0; datos_abiertos_vigilancia_malaria_2009_2025.csv sha256:084ef118bd67753d | K108: proporcion | L108: 9 | M108: 9 | N108: X = A / B × 100 | O108: =IF(L108="","",IF(K108="proporcion",ROUND(L108/M108*100,2),L108)) -> 100 | P108: % | Q108: mayor | R108: 100 | S108: =IF(O108="","Pendiente",IF(Q108="mayor",IF(O108>=R108,"Aprobado","Rechazado"),IF(O108<=R108,"Aprobado","Rechazado"))) -> Aprobado | T108: =IF(O108="","",IF(K108="proporcion",O108,MIN(100,ROUND(100*R108/MAX(O108,0.000001),2)))) -> 100 | U108: =IF(T108="","",IF(T108<40,"No aceptable",IF(T108<60,"Mínimamente aceptable",IF(T108<90,"Rango objetivo","Supera los requisitos")))) -> Supera los requisitos | V108: evaluacion/resultados/corrida-08/adaptabilidad-*.json, playwright.json | W108: Lopez Arela, Ower Frank | Y108: Aceptar
A109: FI-01 | B109: Fiabilidad | C109: Ausencia de fallos | D109: RNF-07 | E109: evaluacion/pruebas/adaptabilidad.spec.js | F109: 09 | G109: v1.8 (ed65ebc) | H109: 2026-10-27T12:16:43.263Z | I109: Windows_NT 10.0.26300 · Node v22.14.0 · Playwright Version 1.64.1 · Lighthouse 12.8.2 | J109: datos_abiertos_vigilancia_malaria_2000_2008.csv sha256:749d8897e94255d0; datos_abiertos_vigilancia_malaria_2009_2025.csv sha256:084ef118bd67753d | K109: proporcion | L109: 9 | M109: 9 | N109: X = A / B × 100 | O109: =IF(L109="","",IF(K109="proporcion",ROUND(L109/M109*100,2),L109)) -> 100 | P109: % | Q109: mayor | R109: 100 | S109: =IF(O109="","Pendiente",IF(Q109="mayor",IF(O109>=R109,"Aprobado","Rechazado"),IF(O109<=R109,"Aprobado","Rechazado"))) -> Aprobado | T109: =IF(O109="","",IF(K109="proporcion",O109,MIN(100,ROUND(100*R109/MAX(O109,0.000001),2)))) -> 100 | U109: =IF(T109="","",IF(T109<40,"No aceptable",IF(T109<60,"Mínimamente aceptable",IF(T109<90,"Rango objetivo","Supera los requisitos")))) -> Supera los requisitos | V109: evaluacion/resultados/corrida-09/adaptabilidad-*.json, playwright.json | W109: Lopez Arela, Ower Frank | Y109: Aceptar
... A136: FI-04 | B136: Fiabilidad | C136: Recuperabilidad | D136: RNF-07 | E136: evaluacion/pruebas/fiabilidad.spec.js | F136: 09 | G136: v1.8 (ed65ebc) | H136: 2026-10-27T12:16:43.263Z | I136: Windows_NT 10.0.26300 · Node v22.14.0 · Playwright Version 1.64.1 · Lighthouse 12.8.2 | J136: datos_abiertos_vigilancia_malaria_2000_2008.csv sha256:749d8897e94255d0; datos_abiertos_vigilancia_malaria_2009_2025.csv sha256:084ef118bd67753d | K136: proporcion | L136: 4 | M136: 4 | N136: X = A / B × 100 | O136: =IF(L136="","",IF(K136="proporcion",ROUND(L136/M136*100,2),L136)) -> 100 | P136: % | Q136: mayor | R136: 100 | S136: =IF(O136="","Pendiente",IF(Q136="mayor",IF(O136>=R136,"Aprobado","Rechazado"),IF(O136<=R136,"Aprobado","Rechazado"))) -> Aprobado | T136: =IF(O136="","",IF(K136="proporcion",O136,MIN(100,ROUND(100*R136/MAX(O136,0.000001),2)))) -> 100 | U136: =IF(T136="","",IF(T136<40,"No aceptable",IF(T136<60,"Mínimamente aceptable",IF(T136<90,"Rango objetivo","Supera los requisitos")))) -> Supera los requisitos | V136: evaluacion/resultados/corrida-09/fiabilidad.json | W136: Lopez Arela, Ower Frank | Y136: Aceptar
A137: SE-01 | B137: Seguridad | C137: Confidencialidad | D137: RNF-09 privacidad (Ley 29733) | E137: evaluacion/scripts/seguridad.mjs | F137: 01 | G137: v1.0 (e2ec6c9) | H137: 2026-10-27T05:09:45.825Z | I137: Windows_NT 10.0.26300 · Node v22.14.0 · Playwright Version 1.64.1 · Lighthouse 12.8.2 | J137: datos_abiertos_vigilancia_malaria_2000_2008.csv sha256:749d8897e94255d0; datos_abiertos_vigilancia_malaria_2009_2025.csv sha256:084ef118bd67753d | K137: proporcion | L137: 2 | M137: 3 | N137: X = A / B × 100 | O137: =IF(L137="","",IF(K137="proporcion",ROUND(L137/M137*100,2),L137)) -> 66.67 | P137: % | Q137: mayor | R137: 100 | S137: =IF(O137="","Pendiente",IF(Q137="mayor",IF(O137>=R137,"Aprobado","Rechazado"),IF(O137<=R137,"Aprobado","Rechazado"))) -> Rechazado | T137: =IF(O137="","",IF(K137="proporcion",O137,MIN(100,ROUND(100*R137/MAX(O137,0.000001),2)))) -> 66.67 | U137: =IF(T137="","",IF(T137<40,"No aceptable",IF(T137<60,"Mínimamente aceptable",IF(T137<90,"Rango objetivo","Supera los requisitos")))) -> Rango objetivo | V137: evaluacion/resultados/corrida-01/seguridad.json | W137: Lopez Arela, Ower Frank | X137: INC-06 | Y137: Una clave prohibida solo cuenta como dato individual si guarda un valor primitivo; los objetos de conteo se admiten como agregados.
A138: SE-01 | B138: Seguridad | C138: Confidencialidad | D138: RNF-09 privacidad (Ley 29733) | E138: evaluacion/scripts/seguridad.mjs | F138: 02 | G138: v1.1 (a63333f) | H138: 2026-10-27T05:22:39.464Z | I138: Windows_NT 10.0.26300 · Node v22.14.0 · Playwright Version 1.64.1 · Lighthouse 12.8.2 | J138: datos_abiertos_vigilancia_malaria_2000_2008.csv sha256:749d8897e94255d0; datos_abiertos_vigilancia_malaria_2009_2025.csv sha256:084ef118bd67753d | K138: proporcion | L138: 2 | M138: 3 | N138: X = A / B × 100 | O138: =IF(L138="","",IF(K138="proporcion",ROUND(L138/M138*100,2),L138)) -> 66.67 | P138: % | Q138: mayor | R138: 100 | S138: =IF(O138="","Pendiente",IF(Q138="mayor",IF(O138>=R138,"Aprobado","Rechazado"),IF(O138<=R138,"Aprobado","Rechazado"))) -> Rechazado | T138: =IF(O138="","",IF(K138="proporcion",O138,MIN(100,ROUND(100*R138/MAX(O138,0.000001),2)))) -> 66.67 | U138: =IF(T138="","",IF(T138<40,"No aceptable",IF(T138<60,"Mínimamente aceptable",IF(T138<90,"Rango objetivo","Supera los requisitos")))) -> Rango objetivo | V138: evaluacion/resultados/corrida-02/seguridad.json | W138: Lopez Arela, Ower Frank | X138: INC-10 | Y138: Se redefinió la regla: hay dato individual solo si un objeto dentro de un arreglo (un registro) tiene un campo prohibido con valor primitivo. Se verificó con controles positivos ([{edad: 34, sexo: 'F'}] se detecta) y negativos (los agregados se admiten).
A139: SE-01 | B139: Seguridad | C139: Confidencialidad | D139: RNF-09 privacidad (Ley 29733) | E139: evaluacion/scripts/seguridad.mjs | F139: 03 | G139: v1.2 (ecfaca3) | H139: 2026-10-27T11:13:27.260Z | I139: Windows_NT 10.0.26300 · Node v22.14.0 · Playwright Version 1.64.1 · Lighthouse 12.8.2 | J139: datos_abiertos_vigilancia_malaria_2000_2008.csv sha256:749d8897e94255d0; datos_abiertos_vigilancia_malaria_2009_2025.csv sha256:084ef118bd67753d | K139: proporcion | L139: 3 | M139: 3 | N139: X = A / B × 100 | O139: =IF(L139="","",IF(K139="proporcion",ROUND(L139/M139*100,2),L139)) -> 100 | P139: % | Q139: mayor | R139: 100 | S139: =IF(O139="","Pendiente",IF(Q139="mayor",IF(O139>=R139,"Aprobado","Rechazado"),IF(O139<=R139,"Aprobado","Rechazado"))) -> Aprobado | T139: =IF(O139="","",IF(K139="proporcion",O139,MIN(100,ROUND(100*R139/MAX(O139,0.000001),2)))) -> 100 | U139: =IF(T139="","",IF(T139<40,"No aceptable",IF(T139<60,"Mínimamente aceptable",IF(T139<90,"Rango objetivo","Supera los requisitos")))) -> Supera los requisitos | V139: evaluacion/resultados/corrida-03/seguridad.json | W139: Lopez Arela, Ower Frank | Y139: Aceptar
A140: SE-01 | B140: Seguridad | C140: Confidencialidad | D140: RNF-09 privacidad (Ley 29733) | E140: evaluacion/scripts/seguridad.mjs | F140: 04 | G140: v1.3 (1219f7a) | H140: 2026-10-27T11:22:57.351Z | I140: Windows_NT 10.0.26300 · Node v22.14.0 · Playwright Version 1.64.1 · Lighthouse 12.8.2 | J140: datos_abiertos_vigilancia_malaria_2000_2008.csv sha256:749d8897e94255d0; datos_abiertos_vigilancia_malaria_2009_2025.csv sha256:084ef118bd67753d | K140: proporcion | L140: 3 | M140: 3 | N140: X = A / B × 100 | O140: =IF(L140="","",IF(K140="proporcion",ROUND(L140/M140*100,2),L140)) -> 100 | P140: % | Q140: mayor | R140: 100 | S140: =IF(O140="","Pendiente",IF(Q140="mayor",IF(O140>=R140,"Aprobado","Rechazado"),IF(O140<=R140,"Aprobado","Rechazado"))) -> Aprobado | T140: =IF(O140="","",IF(K140="proporcion",O140,MIN(100,ROUND(100*R140/MAX(O140,0.000001),2)))) -> 100 | U140: =IF(T140="","",IF(T140<40,"No aceptable",IF(T140<60,"Mínimamente aceptable",IF(T140<90,"Rango objetivo","Supera los requisitos")))) -> Supera los requisitos | V140: evaluacion/resultados/corrida-04/seguridad.json | W140: Lopez Arela, Ower Frank | Y140: Aceptar
A141: SE-01 | B141: Seguridad | C141: Confidencialidad | D141: RNF-09 privacidad (Ley 29733) | E141: evaluacion/scripts/seguridad.mjs | F141: 05 | G141: v1.4 (ecd9c46) | H141: 2026-10-27T11:34:29.914Z | I141: Windows_NT 10.0.26300 · Node v22.14.0 · Playwright Version 1.64.1 · Lighthouse 12.8.2 | J141: datos_abiertos_vigilancia_malaria_2000_2008.csv sha256:749d8897e94255d0; datos_abiertos_vigilancia_malaria_2009_2025.csv sha256:084ef118bd67753d | K141: proporcion | L141: 3 | M141: 3 | N141: X = A / B × 100 | O141: =IF(L141="","",IF(K141="proporcion",ROUND(L141/M141*100,2),L141)) -> 100 | P141: % | Q141: mayor | R141: 100 | S141: =IF(O141="","Pendiente",IF(Q141="mayor",IF(O141>=R141,"Aprobado","Rechazado"),IF(O141<=R141,"Aprobado","Rechazado"))) -> Aprobado | T141: =IF(O141="","",IF(K141="proporcion",O141,MIN(100,ROUND(100*R141/MAX(O141,0.000001),2)))) -> 100 | U141: =IF(T141="","",IF(T141<40,"No aceptable",IF(T141<60,"Mínimamente aceptable",IF(T141<90,"Rango objetivo","Supera los requisitos")))) -> Supera los requisitos | V141: evaluacion/resultados/corrida-05/seguridad.json | W141: Lopez Arela, Ower Frank | Y141: Aceptar
A142: SE-01 | B142: Seguridad | C142: Confidencialidad | D142: RNF-09 privacidad (Ley 29733) | E142: evaluacion/scripts/seguridad.mjs | F142: 06 | G142: v1.5 (2aca5a2) | H142: 2026-10-27T11:44:29.601Z | I142: Windows_NT 10.0.26300 · Node v22.14.0 · Playwright Version 1.64.1 · Lighthouse 12.8.2 | J142: datos_abiertos_vigilancia_malaria_2000_2008.csv sha256:749d8897e94255d0; datos_abiertos_vigilancia_malaria_2009_2025.csv sha256:084ef118bd67753d | K142: proporcion | L142: 3 | M142: 3 | N142: X = A / B × 100 | O142: =IF(L142="","",IF(K142="proporcion",ROUND(L142/M142*100,2),L142)) -> 100 | P142: % | Q142: mayor | R142: 100 | S142: =IF(O142="","Pendiente",IF(Q142="mayor",IF(O142>=R142,"Aprobado","Rechazado"),IF(O142<=R142,"Aprobado","Rechazado"))) -> Aprobado | T142: =IF(O142="","",IF(K142="proporcion",O142,MIN(100,ROUND(100*R142/MAX(O142,0.000001),2)))) -> 100 | U142: =IF(T142="","",IF(T142<40,"No aceptable",IF(T142<60,"Mínimamente aceptable",IF(T142<90,"Rango objetivo","Supera los requisitos")))) -> Supera los requisitos | V142: evaluacion/resultados/corrida-06/seguridad.json | W142: Lopez Arela, Ower Frank | Y142: Aceptar
A143: SE-01 | B143: Seguridad | C143: Confidencialidad | D143: RNF-09 privacidad (Ley 29733) | E143: evaluacion/scripts/seguridad.mjs | F143: 07 | G143: v1.6 (f47b30f) | H143: 2026-10-27T11:55:54.129Z | I143: Windows_NT 10.0.26300 · Node v22.14.0 · Playwright Version 1.64.1 · Lighthouse 12.8.2 | J143: datos_abiertos_vigilancia_malaria_2000_2008.csv sha256:749d8897e94255d0; datos_abiertos_vigilancia_malaria_2009_2025.csv sha256:084ef118bd67753d | K143: proporcion | L143: 3 | M143: 3 | N143: X = A / B × 100 | O143: =IF(L143="","",IF(K143="proporcion",ROUND(L143/M143*100,2),L143)) -> 100 | P143: % | Q143: mayor | R143: 100 | S143: =IF(O143="","Pendiente",IF(Q143="mayor",IF(O143>=R143,"Aprobado","Rechazado"),IF(O143<=R143,"Aprobado","Rechazado"))) -> Aprobado | T143: =IF(O143="","",IF(K143="proporcion",O143,MIN(100,ROUND(100*R143/MAX(O143,0.000001),2)))) -> 100 | U143: =IF(T143="","",IF(T143<40,"No aceptable",IF(T143<60,"Mínimamente aceptable",IF(T143<90,"Rango objetivo","Supera los requisitos")))) -> Supera los requisitos | V143: evaluacion/resultados/corrida-07/seguridad.json | W143: Lopez Arela, Ower Frank | Y143: Aceptar
A144: SE-01 | B144: Seguridad | C144: Confidencialidad | D144: RNF-09 privacidad (Ley 29733) | E144: evaluacion/scripts/seguridad.mjs | F144: 08 | G144: v1.7 (b0ac637) | H144: 2026-10-27T12:06:18.210Z | I144: Windows_NT 10.0.26300 · Node v22.14.0 · Playwright Version 1.64.1 · Lighthouse 12.8.2 | J144: datos_abiertos_vigilancia_malaria_2000_2008.csv sha256:749d8897e94255d0; datos_abiertos_vigilancia_malaria_2009_2025.csv sha256:084ef118bd67753d | K144: proporcion | L144: 3 | M144: 3 | N144: X = A / B × 100 | O144: =IF(L144="","",IF(K144="proporcion",ROUND(L144/M144*100,2),L144)) -> 100 | P144: % | Q144: mayor | R144: 100 | S144: =IF(O144="","Pendiente",IF(Q144="mayor",IF(O144>=R144,"Aprobado","Rechazado"),IF(O144<=R144,"Aprobado","Rechazado"))) -> Aprobado | T144: =IF(O144="","",IF(K144="proporcion",O144,MIN(100,ROUND(100*R144/MAX(O144,0.000001),2)))) -> 100 | U144: =IF(T144="","",IF(T144<40,"No aceptable",IF(T144<60,"Mínimamente aceptable",IF(T144<90,"Rango objetivo","Supera los requisitos")))) -> Supera los requisitos | V144: evaluacion/resultados/corrida-08/seguridad.json | W144: Lopez Arela, Ower Frank | Y144: Aceptar
A145: SE-01 | B145: Seguridad | C145: Confidencialidad | D145: RNF-09 privacidad (Ley 29733) | E145: evaluacion/scripts/seguridad.mjs | F145: 09 | G145: v1.8 (ed65ebc) | H145: 2026-10-27T12:16:43.263Z | I145: Windows_NT 10.0.26300 · Node v22.14.0 · Playwright Version 1.64.1 · Lighthouse 12.8.2 | J145: datos_abiertos_vigilancia_malaria_2000_2008.csv sha256:749d8897e94255d0; datos_abiertos_vigilancia_malaria_2009_2025.csv sha256:084ef118bd67753d | K145: proporcion | L145: 3 | M145: 3 | N145: X = A / B × 100 | O145: =IF(L145="","",IF(K145="proporcion",ROUND(L145/M145*100,2),L145)) -> 100 | P145: % | Q145: mayor | R145: 100 | S145: =IF(O145="","Pendiente",IF(Q145="mayor",IF(O145>=R145,"Aprobado","Rechazado"),IF(O145<=R145,"Aprobado","Rechazado"))) -> Aprobado | T145: =IF(O145="","",IF(K145="proporcion",O145,MIN(100,ROUND(100*R145/MAX(O145,0.000001),2)))) -> 100 | U145: =IF(T145="","",IF(T145<40,"No aceptable",IF(T145<60,"Mínimamente aceptable",IF(T145<90,"Rango objetivo","Supera los requisitos")))) -> Supera los requisitos | V145: evaluacion/resultados/corrida-09/seguridad.json | W145: Lopez Arela, Ower Frank | Y145: Aceptar
A146: SE-02 | B146: Seguridad | C146: Integridad | D146: RNF-10 | E146: evaluacion/scripts/seguridad.mjs | F146: 01 | G146: v1.0 (e2ec6c9) | H146: 2026-10-27T05:09:45.825Z | I146: Windows_NT 10.0.26300 · Node v22.14.0 · Playwright Version 1.64.1 · Lighthouse 12.8.2 | J146: datos_abiertos_vigilancia_malaria_2000_2008.csv sha256:749d8897e94255d0; datos_abiertos_vigilancia_malaria_2009_2025.csv sha256:084ef118bd67753d | K146: proporcion | L146: 3 | M146: 3 | N146: X = A / B × 100 | O146: =IF(L146="","",IF(K146="proporcion",ROUND(L146/M146*100,2),L146)) -> 100 | P146: % | Q146: mayor | R146: 100 | S146: =IF(O146="","Pendiente",IF(Q146="mayor",IF(O146>=R146,"Aprobado","Rechazado"),IF(O146<=R146,"Aprobado","Rechazado"))) -> Aprobado | T146: =IF(O146="","",IF(K146="proporcion",O146,MIN(100,ROUND(100*R146/MAX(O146,0.000001),2)))) -> 100 | U146: =IF(T146="","",IF(T146<40,"No aceptable",IF(T146<60,"Mínimamente aceptable",IF(T146<90,"Rango objetivo","Supera los requisitos")))) -> Supera los requisitos | V146: evaluacion/resultados/corrida-01/seguridad.json | W146: Lopez Arela, Ower Frank | Y146: Aceptar
A147: SE-02 | B147: Seguridad | C147: Integridad | D147: RNF-10 | E147: evaluacion/scripts/seguridad.mjs | F147: 02 | G147: v1.1 (a63333f) | H147: 2026-10-27T05:22:39.464Z | I147: Windows_NT 10.0.26300 · Node v22.14.0 · Playwright Version 1.64.1 · Lighthouse 12.8.2 | J147: datos_abiertos_vigilancia_malaria_2000_2008.csv sha256:749d8897e94255d0; datos_abiertos_vigilancia_malaria_2009_2025.csv sha256:084ef118bd67753d | K147: proporcion | L147: 3 | M147: 3 | N147: X = A / B × 100 | O147: =IF(L147="","",IF(K147="proporcion",ROUND(L147/M147*100,2),L147)) -> 100 | P147: % | Q147: mayor | R147: 100 | S147: =IF(O147="","Pendiente",IF(Q147="mayor",IF(O147>=R147,"Aprobado","Rechazado"),IF(O147<=R147,"Aprobado","Rechazado"))) -> Aprobado | T147: =IF(O147="","",IF(K147="proporcion",O147,MIN(100,ROUND(100*R147/MAX(O147,0.000001),2)))) -> 100 | U147: =IF(T147="","",IF(T147<40,"No aceptable",IF(T147<60,"Mínimamente aceptable",IF(T147<90,"Rango objetivo","Supera los requisitos")))) -> Supera los requisitos | V147: evaluacion/resultados/corrida-02/seguridad.json | W147: Lopez Arela, Ower Frank | Y147: Aceptar
A148: SE-02 | B148: Seguridad | C148: Integridad | D148: RNF-10 | E148: evaluacion/scripts/seguridad.mjs | F148: 03 | G148: v1.2 (ecfaca3) | H148: 2026-10-27T11:13:27.260Z | I148: Windows_NT 10.0.26300 · Node v22.14.0 · Playwright Version 1.64.1 · Lighthouse 12.8.2 | J148: datos_abiertos_vigilancia_malaria_2000_2008.csv sha256:749d8897e94255d0; datos_abiertos_vigilancia_malaria_2009_2025.csv sha256:084ef118bd67753d | K148: proporcion | L148: 3 | M148: 3 | N148: X = A / B × 100 | O148: =IF(L148="","",IF(K148="proporcion",ROUND(L148/M148*100,2),L148)) -> 100 | P148: % | Q148: mayor | R148: 100 | S148: =IF(O148="","Pendiente",IF(Q148="mayor",IF(O148>=R148,"Aprobado","Rechazado"),IF(O148<=R148,"Aprobado","Rechazado"))) -> Aprobado | T148: =IF(O148="","",IF(K148="proporcion",O148,MIN(100,ROUND(100*R148/MAX(O148,0.000001),2)))) -> 100 | U148: =IF(T148="","",IF(T148<40,"No aceptable",IF(T148<60,"Mínimamente aceptable",IF(T148<90,"Rango objetivo","Supera los requisitos")))) -> Supera los requisitos | V148: evaluacion/resultados/corrida-03/seguridad.json | W148: Lopez Arela, Ower Frank | Y148: Aceptar
A149: SE-02 | B149: Seguridad | C149: Integridad | D149: RNF-10 | E149: evaluacion/scripts/seguridad.mjs | F149: 04 | G149: v1.3 (1219f7a) | H149: 2026-10-27T11:22:57.351Z | I149: Windows_NT 10.0.26300 · Node v22.14.0 · Playwright Version 1.64.1 · Lighthouse 12.8.2 | J149: datos_abiertos_vigilancia_malaria_2000_2008.csv sha256:749d8897e94255d0; datos_abiertos_vigilancia_malaria_2009_2025.csv sha256:084ef118bd67753d | K149: proporcion | L149: 3 | M149: 3 | N149: X = A / B × 100 | O149: =IF(L149="","",IF(K149="proporcion",ROUND(L149/M149*100,2),L149)) -> 100 | P149: % | Q149: mayor | R149: 100 | S149: =IF(O149="","Pendiente",IF(Q149="mayor",IF(O149>=R149,"Aprobado","Rechazado"),IF(O149<=R149,"Aprobado","Rechazado"))) -> Aprobado | T149: =IF(O149="","",IF(K149="proporcion",O149,MIN(100,ROUND(100*R149/MAX(O149,0.000001),2)))) -> 100 | U149: =IF(T149="","",IF(T149<40,"No aceptable",IF(T149<60,"Mínimamente aceptable",IF(T149<90,"Rango objetivo","Supera los requisitos")))) -> Supera los requisitos | V149: evaluacion/resultados/corrida-04/seguridad.json | W149: Lopez Arela, Ower Frank | Y149: Aceptar
A150: SE-02 | B150: Seguridad | C150: Integridad | D150: RNF-10 | E150: evaluacion/scripts/seguridad.mjs | F150: 05 | G150: v1.4 (ecd9c46) | H150: 2026-10-27T11:34:29.914Z | I150: Windows_NT 10.0.26300 · Node v22.14.0 · Playwright Version 1.64.1 · Lighthouse 12.8.2 | J150: datos_abiertos_vigilancia_malaria_2000_2008.csv sha256:749d8897e94255d0; datos_abiertos_vigilancia_malaria_2009_2025.csv sha256:084ef118bd67753d | K150: proporcion | L150: 3 | M150: 3 | N150: X = A / B × 100 | O150: =IF(L150="","",IF(K150="proporcion",ROUND(L150/M150*100,2),L150)) -> 100 | P150: % | Q150: mayor | R150: 100 | S150: =IF(O150="","Pendiente",IF(Q150="mayor",IF(O150>=R150,"Aprobado","Rechazado"),IF(O150<=R150,"Aprobado","Rechazado"))) -> Aprobado | T150: =IF(O150="","",IF(K150="proporcion",O150,MIN(100,ROUND(100*R150/MAX(O150,0.000001),2)))) -> 100 | U150: =IF(T150="","",IF(T150<40,"No aceptable",IF(T150<60,"Mínimamente aceptable",IF(T150<90,"Rango objetivo","Supera los requisitos")))) -> Supera los requisitos | V150: evaluacion/resultados/corrida-05/seguridad.json | W150: Lopez Arela, Ower Frank | Y150: Aceptar
A151: SE-02 | B151: Seguridad | C151: Integridad | D151: RNF-10 | E151: evaluacion/scripts/seguridad.mjs | F151: 06 | G151: v1.5 (2aca5a2) | H151: 2026-10-27T11:44:29.601Z | I151: Windows_NT 10.0.26300 · Node v22.14.0 · Playwright Version 1.64.1 · Lighthouse 12.8.2 | J151: datos_abiertos_vigilancia_malaria_2000_2008.csv sha256:749d8897e94255d0; datos_abiertos_vigilancia_malaria_2009_2025.csv sha256:084ef118bd67753d | K151: proporcion | L151: 3 | M151: 3 | N151: X = A / B × 100 | O151: =IF(L151="","",IF(K151="proporcion",ROUND(L151/M151*100,2),L151)) -> 100 | P151: % | Q151: mayor | R151: 100 | S151: =IF(O151="","Pendiente",IF(Q151="mayor",IF(O151>=R151,"Aprobado","Rechazado"),IF(O151<=R151,"Aprobado","Rechazado"))) -> Aprobado | T151: =IF(O151="","",IF(K151="proporcion",O151,MIN(100,ROUND(100*R151/MAX(O151,0.000001),2)))) -> 100 | U151: =IF(T151="","",IF(T151<40,"No aceptable",IF(T151<60,"Mínimamente aceptable",IF(T151<90,"Rango objetivo","Supera los requisitos")))) -> Supera los requisitos | V151: evaluacion/resultados/corrida-06/seguridad.json | W151: Lopez Arela, Ower Frank | X151: INC-20 | Y151: La fecha de descarga se toma de la fecha de modificación de los CSV descargados (26/10/2026); la de procesamiento queda aparte en fecha_proceso. Verificado: meta de malaria.json idéntico tras volver a ejecutar el pipeline.
A152: SE-02 | B152: Seguridad | C152: Integridad | D152: RNF-10 | E152: evaluacion/scripts/seguridad.mjs | F152: 07 | G152: v1.6 (f47b30f) | H152: 2026-10-27T11:55:54.129Z | I152: Windows_NT 10.0.26300 · Node v22.14.0 · Playwright Version 1.64.1 · Lighthouse 12.8.2 | J152: datos_abiertos_vigilancia_malaria_2000_2008.csv sha256:749d8897e94255d0; datos_abiertos_vigilancia_malaria_2009_2025.csv sha256:084ef118bd67753d | K152: proporcion | L152: 3 | M152: 3 | N152: X = A / B × 100 | O152: =IF(L152="","",IF(K152="proporcion",ROUND(L152/M152*100,2),L152)) -> 100 | P152: % | Q152: mayor | R152: 100 | S152: =IF(O152="","Pendiente",IF(Q152="mayor",IF(O152>=R152,"Aprobado","Rechazado"),IF(O152<=R152,"Aprobado","Rechazado"))) -> Aprobado | T152: =IF(O152="","",IF(K152="proporcion",O152,MIN(100,ROUND(100*R152/MAX(O152,0.000001),2)))) -> 100 | U152: =IF(T152="","",IF(T152<40,"No aceptable",IF(T152<60,"Mínimamente aceptable",IF(T152<90,"Rango objetivo","Supera los requisitos")))) -> Supera los requisitos | V152: evaluacion/resultados/corrida-07/seguridad.json | W152: Lopez Arela, Ower Frank | Y152: Aceptar
...

Sheet Incidentes
A1: ID | B1: Corrida | C1: Métrica | D1: Descripción | E1: Origen | F1: Severidad | G1: Estado | H1: Decisión | I1: Responsable | J1: Evidencia
A2: INC-01 | B2: 01 | C2: CI-03 | D2: axe-core (regla label-content-name-mismatch, impacto serious): el enlace del logotipo tiene aria-label «VigiSalud Malaria», que no contiene el texto visible «VigiSalud Malaria · Perú». Afecta al dashboard (ES, EN y vista filtrada) y al tablero de calidad. | E2: producto | F2: media | G2: resuelto | H2: Se retiró el aria-label para que el nombre accesible sea el texto visible. Verificado en la corrida 02. | I2: I3 | J2: evaluacion/resultados/corrida-01/ci03-axe.json; evaluacion/resultados/corrida-01/playwright.json
A3: INC-02 | B3: 01 | C3: CI-03 | D3: axe-core (regla scrollable-region-focusable, impacto serious): los contenedores de tabla con desplazamiento (#tbAnual, #tbCanal y la tabla de subcaracterísticas no aplicables del tablero) no pueden recibir el foco, por lo que no se pueden desplazar con el teclado. | E3: producto | F3: alta | G3: resuelto | H3: comun.js asigna tabindex=0, role=region y un aria-label traducido a cada .tablewrap. Verificado en la corrida 02. | I3: I3 | J3: evaluacion/resultados/corrida-01/playwright.json
A4: INC-03 | B4: 01 | C4: FL-01 | D4: Las 6 combinaciones de Firefox y WebKit (móvil, tablet y escritorio) no se ejecutaron: «browserType.launch: Executable doesn't exist» en el equipo de ejecución. | E4: infraestructura | F4: alta | G4: resuelto | H4: Se instalaron los navegadores con «npx playwright install firefox webkit» y se volvió a medir FL-01 y FI-01 en la corrida 02. El denominador de FL-01 y FI-01 pasa a ser el de los 9 casos planificados. | I4: I2 | J4: evaluacion/resultados/corrida-01/playwright.json
A5: INC-04 | B5: 01 | C5: IF-01 | D5: La prueba RF-04 falló por «strict mode violation»: el localizador getByRole('button', {name: 'P. falciparum'}) coincidía con el filtro de especie y con el botón de orden «% P. falciparum» de la tabla de distritos. El producto funcionaba correctamente. | E5: script | F5: media | G5: resuelto | H5: El script usa ahora #fEsp button[data-v=…], acotado al grupo de filtros. | I5: I4 | J5: evaluacion/resultados/corrida-01/playwright.json
A6: INC-05 | B6: 01 | C6: CI-03 | D6: ci03-axe.json solo conservó la última de las 4 vistas auditadas. Cuando una prueba falla, Playwright reinicia el worker y las filas acumuladas en memoria se perdían. | E6: script | F6: media | G6: resuelto | H6: utilidades.js escribe cada fila en el archivo en el momento en que se mide. CI-03 se calcula sobre los 4 casos de Playwright. | I6: I4 | J6: evaluacion/resultados/corrida-01/ci03-axe.json
A7: INC-06 | B7: 01 | C7: SE-01 | D7: SE-01 marcó calidad_datos.json como dato individual por contener la clave «tipo_edad». Revisado el archivo, esa clave guarda un conteo agregado ({A: 622441, M: 8062, D: 114}), no edades de personas: falso positivo. | E7: script | F7: baja | G7: resuelto | H7: Una clave prohibida solo cuenta como dato individual si guarda un valor primitivo; los objetos de conteo se admiten como agregados. | I7: I3 | J7: evaluacion/resultados/corrida-01/seguridad.json
A8: INC-07 | B8: 01 | C8: MA-02 | D8: ESLint reportó 3 problemas no-unused-vars (variable «e» sin usar en bloques catch de comun.js y calidad.js): densidad 3,01 por KLOC, por encima del umbral de 2. | E8: producto | F8: baja | G8: resuelto | H8: Se usó la sintaxis catch sin variable (ES2019). | I8: I2 | J8: evaluacion/resultados/corrida-01/mantenibilidad.json
A9: INC-08 | B9: 01 | C9: ED-01 | D9: LCP móvil de 3,29 s (mediana de 3 ejecuciones de Lighthouse), por encima de 2,5 s. El elemento LCP es el aviso de datos provisionales; el 79 % del tiempo es retardo de renderizado y la hoja de estilos de Google Fonts bloqueaba el render unos 1,2 s. | E9: producto | F9: media | G9: resuelto | H9: Fuentes IBM Plex servidas desde el mismo origen (SIL OFL 1.1), precarga de la fuente principal y de los JSON de datos, y CSP restringida a font-src 'self'. Verificación en la corrida 02. | I9: I2 | J9: evaluacion/resultados/corrida-01/lighthouse.json; evaluacion/resultados/corrida-01/lighthouse.html
A10: INC-09 | B10: 01 | C10: MA-01 | D10: La función kpis() de app.js tenía complejidad ciclomática 25, más del doble del límite de 10, aunque MA-01 en conjunto (98,2 %) cumplía el umbral. | E10: producto | F10: baja | G10: resuelto | H10: Se dividió en principal(), pico(), tarjetasKpi() y fraseTendencia(), sin cambiar el resultado (las pruebas del oráculo siguen en 84/84). | I10: I2 | J10: evaluacion/resultados/corrida-01/mantenibilidad.json
A11: INC-10 | B11: 02 | C11: SE-01 | D11: SE-01 volvió a marcar calidad_datos.json, esta vez por «localidad» y «localcod» dentro de «nulos» ({localidad: 5412, localcod: 5634}), que son conteos de valores nulos por columna. La corrección de INC-06 estaba incompleta: un número dentro de un objeto de conteo no es un dato de una persona. | E11: script | F11: baja | G11: resuelto | H11: Se redefinió la regla: hay dato individual solo si un objeto dentro de un arreglo (un registro) tiene un campo prohibido con valor primitivo. Se verificó con controles positivos ([{edad: 34, sexo: 'F'}] se detecta) y negativos (los agregados se admiten). | I11: I3 | J11: evaluacion/resultados/corrida-02/seguridad.json
A12: INC-11 | B12: 02 | C12: CI-03 | D12: La auditoría de accesibilidad de Lighthouse en móvil bajó de 100 a 96 (regla link-name): en pantallas de menos de 960 px el enlace del logotipo quedó sin nombre accesible. Es una regresión de la corrección de INC-01, porque el texto se ocultaba con display:none. axe en escritorio (CI-03) no podía detectarlo. | E12: producto | F12: media | G12: resuelto | H12: En pantallas pequeñas el texto se oculta solo de forma visual (clip-path), así que sigue siendo el nombre accesible. Se verifica en la corrida 03 con Lighthouse móvil. | I12: I3 | J12: evaluacion/resultados/corrida-02/lighthouse.html
... A23: INC-22 | B23: 08 | C23: IF-01 | D23: La inspección visual de las capturas en inglés de la corrida 08 mostró «Priority: Alta / Media / Baja» en las tarjetas de características del tablero. La corrección de INC-21 no lo cubrió, y el barrido automático tampoco lo detectó porque buscaba palabras frecuentes del español y no los valores enumerados del modelo. | E23: producto | F23: baja | G23: resuelto | H23: El tablero traduce la prioridad (High, Medium, Low). Se amplió el barrido con todos los valores enumerados del modelo (prioridad, estado, origen), y ya no encuentra restos. Se verifica en la corrida 09. | I23: I5 | J23: evaluacion/resultados/corrida-08/capturas/rf15-tablero-calidad.png

Sheet Resumen
A1: Característica | B1: Aprobadas C01 | C1: Rechazadas C01 | D1: Pendientes C01 | E1: Aprobadas C02 | F1: Rechazadas C02 | G1: Pendientes C02 | H1: Aprobadas C03 | I1: Rechazadas C03 | J1: Pendientes C03 | K1: Aprobadas C04 | L1: Rechazadas C04 | M1: Pendientes C04 | N1: Aprobadas C05 | O1: Rechazadas C05 | P1: Pendientes C05 | Q1: Aprobadas C06 | R1: Rechazadas C06 | S1: Pendientes C06 | T1: Aprobadas C07 | U1: Rechazadas C07 | V1: Pendientes C07 | W1: Aprobadas C08 | X1: Rechazadas C08 | Y1: Pendientes C08 | Z1: Aprobadas C09 | AA1: Rechazadas C09 | AB1: Pendientes C09 | AC1: Estado última corrida
A2: Idoneidad funcional | B2: =COUNTIFS(Registro!$B:$B,$A2,Registro!$F:$F,"01",Registro!$S:$S,"Aprobado") -> 2 | C2: =COUNTIFS(Registro!$B:$B,$A2,Registro!$F:$F,"01",Registro!$S:$S,"Rechazado") -> 1 | D2: =COUNTIFS(Registro!$B:$B,$A2,Registro!$F:$F,"01",Registro!$S:$S,"Pendiente") -> 0 | E2: =COUNTIFS(Registro!$B:$B,$A2,Registro!$F:$F,"02",Registro!$S:$S,"Aprobado") -> 3 | F2: =COUNTIFS(Registro!$B:$B,$A2,Registro!$F:$F,"02",Registro!$S:$S,"Rechazado") -> 0 | G2: =COUNTIFS(Registro!$B:$B,$A2,Registro!$F:$F,"02",Registro!$S:$S,"Pendiente") -> 0 | H2: =COUNTIFS(Registro!$B:$B,$A2,Registro!$F:$F,"03",Registro!$S:$S,"Aprobado") -> 3 | I2: =COUNTIFS(Registro!$B:$B,$A2,Registro!$F:$F,"03",Registro!$S:$S,"Rechazado") -> 0 | J2: =COUNTIFS(Registro!$B:$B,$A2,Registro!$F:$F,"03",Registro!$S:$S,"Pendiente") -> 0 | K2: =COUNTIFS(Registro!$B:$B,$A2,Registro!$F:$F,"04",Registro!$S:$S,"Aprobado") -> 3 | L2: =COUNTIFS(Registro!$B:$B,$A2,Registro!$F:$F,"04",Registro!$S:$S,"Rechazado") -> 0 | M2: =COUNTIFS(Registro!$B:$B,$A2,Registro!$F:$F,"04",Registro!$S:$S,"Pendiente") -> 0 | N2: =COUNTIFS(Registro!$B:$B,$A2,Registro!$F:$F,"05",Registro!$S:$S,"Aprobado") -> 3 | O2: =COUNTIFS(Registro!$B:$B,$A2,Registro!$F:$F,"05",Registro!$S:$S,"Rechazado") -> 0 | P2: =COUNTIFS(Registro!$B:$B,$A2,Registro!$F:$F,"05",Registro!$S:$S,"Pendiente") -> 0 | Q2: =COUNTIFS(Registro!$B:$B,$A2,Registro!$F:$F,"06",Registro!$S:$S,"Aprobado") -> 3 | R2: =COUNTIFS(Registro!$B:$B,$A2,Registro!$F:$F,"06",Registro!$S:$S,"Rechazado") -> 0 | S2: =COUNTIFS(Registro!$B:$B,$A2,Registro!$F:$F,"06",Registro!$S:$S,"Pendiente") -> 0 | T2: =COUNTIFS(Registro!$B:$B,$A2,Registro!$F:$F,"07",Registro!$S:$S,"Aprobado") -> 3 | U2: =COUNTIFS(Registro!$B:$B,$A2,Registro!$F:$F,"07",Registro!$S:$S,"Rechazado") -> 0 | V2: =COUNTIFS(Registro!$B:$B,$A2,Registro!$F:$F,"07",Registro!$S:$S,"Pendiente") -> 0 | W2: =COUNTIFS(Registro!$B:$B,$A2,Registro!$F:$F,"08",Registro!$S:$S,"Aprobado") -> 3 | X2: =COUNTIFS(Registro!$B:$B,$A2,Registro!$F:$F,"08",Registro!$S:$S,"Rechazado") -> 0 | Y2: =COUNTIFS(Registro!$B:$B,$A2,Registro!$F:$F,"08",Registro!$S:$S,"Pendiente") -> 0 | Z2: =COUNTIFS(Registro!$B:$B,$A2,Registro!$F:$F,"09",Registro!$S:$S,"Aprobado") -> 3 | AA2: =COUNTIFS(Registro!$B:$B,$A2,Registro!$F:$F,"09",Registro!$S:$S,"Rechazado") -> 0 | AB2: =COUNTIFS(Registro!$B:$B,$A2,Registro!$F:$F,"09",Registro!$S:$S,"Pendiente") -> 0 | AC2: =IF(AA2>0,"Rechazado",IF(AB2>0,"Pendiente","Aprobado")) -> Aprobado
A3: Eficiencia de desempeño | B3: =COUNTIFS(Registro!$B:$B,$A3,Registro!$F:$F,"01",Registro!$S:$S,"Aprobado") -> 2 | C3: =COUNTIFS(Registro!$B:$B,$A3,Registro!$F:$F,"01",Registro!$S:$S,"Rechazado") -> 1 | D3: =COUNTIFS(Registro!$B:$B,$A3,Registro!$F:$F,"01",Registro!$S:$S,"Pendiente") -> 0 | E3: =COUNTIFS(Registro!$B:$B,$A3,Registro!$F:$F,"02",Registro!$S:$S,"Aprobado") -> 3 | F3: =COUNTIFS(Registro!$B:$B,$A3,Registro!$F:$F,"02",Registro!$S:$S,"Rechazado") -> 0 | G3: =COUNTIFS(Registro!$B:$B,$A3,Registro!$F:$F,"02",Registro!$S:$S,"Pendiente") -> 0 | H3: =COUNTIFS(Registro!$B:$B,$A3,Registro!$F:$F,"03",Registro!$S:$S,"Aprobado") -> 2 | I3: =COUNTIFS(Registro!$B:$B,$A3,Registro!$F:$F,"03",Registro!$S:$S,"Rechazado") -> 1 | J3: =COUNTIFS(Registro!$B:$B,$A3,Registro!$F:$F,"03",Registro!$S:$S,"Pendiente") -> 0 | K3: =COUNTIFS(Registro!$B:$B,$A3,Registro!$F:$F,"04",Registro!$S:$S,"Aprobado") -> 2 | L3: =COUNTIFS(Registro!$B:$B,$A3,Registro!$F:$F,"04",Registro!$S:$S,"Rechazado") -> 1 | M3: =COUNTIFS(Registro!$B:$B,$A3,Registro!$F:$F,"04",Registro!$S:$S,"Pendiente") -> 0 | N3: =COUNTIFS(Registro!$B:$B,$A3,Registro!$F:$F,"05",Registro!$S:$S,"Aprobado") -> 3 | O3: =COUNTIFS(Registro!$B:$B,$A3,Registro!$F:$F,"05",Registro!$S:$S,"Rechazado") -> 0 | P3: =COUNTIFS(Registro!$B:$B,$A3,Registro!$F:$F,"05",Registro!$S:$S,"Pendiente") -> 0 | Q3: =COUNTIFS(Registro!$B:$B,$A3,Registro!$F:$F,"06",Registro!$S:$S,"Aprobado") -> 3 | R3: =COUNTIFS(Registro!$B:$B,$A3,Registro!$F:$F,"06",Registro!$S:$S,"Rechazado") -> 0 | S3: =COUNTIFS(Registro!$B:$B,$A3,Registro!$F:$F,"06",Registro!$S:$S,"Pendiente") -> 0 | T3: =COUNTIFS(Registro!$B:$B,$A3,Registro!$F:$F,"07",Registro!$S:$S,"Aprobado") -> 3 | U3: =COUNTIFS(Registro!$B:$B,$A3,Registro!$F:$F,"07",Registro!$S:$S,"Rechazado") -> 0 | V3: =COUNTIFS(Registro!$B:$B,$A3,Registro!$F:$F,"07",Registro!$S:$S,"Pendiente") -> 0 | W3: =COUNTIFS(Registro!$B:$B,$A3,Registro!$F:$F,"08",Registro!$S:$S,"Aprobado") -> 3 | X3: =COUNTIFS(Registro!$B:$B,$A3,Registro!$F:$F,"08",Registro!$S:$S,"Rechazado") -> 0 | Y3: =COUNTIFS(Registro!$B:$B,$A3,Registro!$F:$F,"08",Registro!$S:$S,"Pendiente") -> 0 | Z3: =COUNTIFS(Registro!$B:$B,$A3,Registro!$F:$F,"09",Registro!$S:$S,"Aprobado") -> 3 | AA3: =COUNTIFS(Registro!$B:$B,$A3,Registro!$F:$F,"09",Registro!$S:$S,"Rechazado") -> 0 | AB3: =COUNTIFS(Registro!$B:$B,$A3,Registro!$F:$F,"09",Registro!$S:$S,"Pendiente") -> 0 | AC3: =IF(AA3>0,"Rechazado",IF(AB3>0,"Pendiente","Aprobado")) -> Aprobado
A4: Compatibilidad | B4: =COUNTIFS(Registro!$B:$B,$A4,Registro!$F:$F,"01",Registro!$S:$S,"Aprobado") -> 1 | C4: =COUNTIFS(Registro!$B:$B,$A4,Registro!$F:$F,"01",Registro!$S:$S,"Rechazado") -> 0 | D4: =COUNTIFS(Registro!$B:$B,$A4,Registro!$F:$F,"01",Registro!$S:$S,"Pendiente") -> 0 | E4: =COUNTIFS(Registro!$B:$B,$A4,Registro!$F:$F,"02",Registro!$S:$S,"Aprobado") -> 1 | F4: =COUNTIFS(Registro!$B:$B,$A4,Registro!$F:$F,"02",Registro!$S:$S,"Rechazado") -> 0 | G4: =COUNTIFS(Registro!$B:$B,$A4,Registro!$F:$F,"02",Registro!$S:$S,"Pendiente") -> 0 | H4: =COUNTIFS(Registro!$B:$B,$A4,Registro!$F:$F,"03",Registro!$S:$S,"Aprobado") -> 1 | I4: =COUNTIFS(Registro!$B:$B,$A4,Registro!$F:$F,"03",Registro!$S:$S,"Rechazado") -> 0 | J4: =COUNTIFS(Registro!$B:$B,$A4,Registro!$F:$F,"03",Registro!$S:$S,"Pendiente") -> 0 | K4: =COUNTIFS(Registro!$B:$B,$A4,Registro!$F:$F,"04",Registro!$S:$S,"Aprobado") -> 1 | L4: =COUNTIFS(Registro!$B:$B,$A4,Registro!$F:$F,"04",Registro!$S:$S,"Rechazado") -> 0 | M4: =COUNTIFS(Registro!$B:$B,$A4,Registro!$F:$F,"04",Registro!$S:$S,"Pendiente") -> 0 | N4: =COUNTIFS(Registro!$B:$B,$A4,Registro!$F:$F,"05",Registro!$S:$S,"Aprobado") -> 1 | O4: =COUNTIFS(Registro!$B:$B,$A4,Registro!$F:$F,"05",Registro!$S:$S,"Rechazado") -> 0 | P4: =COUNTIFS(Registro!$B:$B,$A4,Registro!$F:$F,"05",Registro!$S:$S,"Pendiente") -> 0 | Q4: =COUNTIFS(Registro!$B:$B,$A4,Registro!$F:$F,"06",Registro!$S:$S,"Aprobado") -> 1 | R4: =COUNTIFS(Registro!$B:$B,$A4,Registro!$F:$F,"06",Registro!$S:$S,"Rechazado") -> 0 | S4: =COUNTIFS(Registro!$B:$B,$A4,Registro!$F:$F,"06",Registro!$S:$S,"Pendiente") -> 0 | T4: =COUNTIFS(Registro!$B:$B,$A4,Registro!$F:$F,"07",Registro!$S:$S,"Aprobado") -> 1 | U4: =COUNTIFS(Registro!$B:$B,$A4,Registro!$F:$F,"07",Registro!$S:$S,"Rechazado") -> 0 | V4: =COUNTIFS(Registro!$B:$B,$A4,Registro!$F:$F,"07",Registro!$S:$S,"Pendiente") -> 0 | W4: =COUNTIFS(Registro!$B:$B,$A4,Registro!$F:$F,"08",Registro!$S:$S,"Aprobado") -> 1 | X4: =COUNTIFS(Registro!$B:$B,$A4,Registro!$F:$F,"08",Registro!$S:$S,"Rechazado") -> 0 | Y4: =COUNTIFS(Registro!$B:$B,$A4,Registro!$F:$F,"08",Registro!$S:$S,"Pendiente") -> 0 | Z4: =COUNTIFS(Registro!$B:$B,$A4,Registro!$F:$F,"09",Registro!$S:$S,"Aprobado") -> 1 | AA4: =COUNTIFS(Registro!$B:$B,$A4,Registro!$F:$F,"09",Registro!$S:$S,"Rechazado") -> 0 | AB4: =COUNTIFS(Registro!$B:$B,$A4,Registro!$F:$F,"09",Registro!$S:$S,"Pendiente") -> 0 | AC4: =IF(AA4>0,"Rechazado",IF(AB4>0,"Pendiente","Aprobado")) -> Aprobado
A5: Capacidad de interacción | B5: =COUNTIFS(Registro!$B:$B,$A5,Registro!$F:$F,"01",Registro!$S:$S,"Aprobado") -> 3 | C5: =COUNTIFS(Registro!$B:$B,$A5,Registro!$F:$F,"01",Registro!$S:$S,"Rechazado") -> 1 | D5: =COUNTIFS(Registro!$B:$B,$A5,Registro!$F:$F,"01",Registro!$S:$S,"Pendiente") -> 0 | E5: =COUNTIFS(Registro!$B:$B,$A5,Registro!$F:$F,"02",Registro!$S:$S,"Aprobado") -> 4 | F5: =COUNTIFS(Registro!$B:$B,$A5,Registro!$F:$F,"02",Registro!$S:$S,"Rechazado") -> 0 | G5: =COUNTIFS(Registro!$B:$B,$A5,Registro!$F:$F,"02",Registro!$S:$S,"Pendiente") -> 0 | H5: =COUNTIFS(Registro!$B:$B,$A5,Registro!$F:$F,"03",Registro!$S:$S,"Aprobado") -> 4 | I5: =COUNTIFS(Registro!$B:$B,$A5,Registro!$F:$F,"03",Registro!$S:$S,"Rechazado") -> 0 | J5: =COUNTIFS(Registro!$B:$B,$A5,Registro!$F:$F,"03",Registro!$S:$S,"Pendiente") -> 0 | K5: =COUNTIFS(Registro!$B:$B,$A5,Registro!$F:$F,"04",Registro!$S:$S,"Aprobado") -> 4 | L5: =COUNTIFS(Registro!$B:$B,$A5,Registro!$F:$F,"04",Registro!$S:$S,"Rechazado") -> 0 | M5: =COUNTIFS(Registro!$B:$B,$A5,Registro!$F:$F,"04",Registro!$S:$S,"Pendiente") -> 0 | N5: =COUNTIFS(Registro!$B:$B,$A5,Registro!$F:$F,"05",Registro!$S:$S,"Aprobado") -> 4 | O5: =COUNTIFS(Registro!$B:$B,$A5,Registro!$F:$F,"05",Registro!$S:$S,"Rechazado") -> 0 | P5: =COUNTIFS(Registro!$B:$B,$A5,Registro!$F:$F,"05",Registro!$S:$S,"Pendiente") -> 0 | Q5: =COUNTIFS(Registro!$B:$B,$A5,Registro!$F:$F,"06",Registro!$S:$S,"Aprobado") -> 4 | R5: =COUNTIFS(Registro!$B:$B,$A5,Registro!$F:$F,"06",Registro!$S:$S,"Rechazado") -> 0 | S5: =COUNTIFS(Registro!$B:$B,$A5,Registro!$F:$F,"06",Registro!$S:$S,"Pendiente") -> 0 | T5: =COUNTIFS(Registro!$B:$B,$A5,Registro!$F:$F,"07",Registro!$S:$S,"Aprobado") -> 4 | U5: =COUNTIFS(Registro!$B:$B,$A5,Registro!$F:$F,"07",Registro!$S:$S,"Rechazado") -> 0 | V5: =COUNTIFS(Registro!$B:$B,$A5,Registro!$F:$F,"07",Registro!$S:$S,"Pendiente") -> 0 | W5: =COUNTIFS(Registro!$B:$B,$A5,Registro!$F:$F,"08",Registro!$S:$S,"Aprobado") -> 4 | X5: =COUNTIFS(Registro!$B:$B,$A5,Registro!$F:$F,"08",Registro!$S:$S,"Rechazado") -> 0 | Y5: =COUNTIFS(Registro!$B:$B,$A5,Registro!$F:$F,"08",Registro!$S:$S,"Pendiente") -> 0 | Z5: =COUNTIFS(Registro!$B:$B,$A5,Registro!$F:$F,"09",Registro!$S:$S,"Aprobado") -> 4 | AA5: =COUNTIFS(Registro!$B:$B,$A5,Registro!$F:$F,"09",Registro!$S:$S,"Rechazado") -> 0 | AB5: =COUNTIFS(Registro!$B:$B,$A5,Registro!$F:$F,"09",Registro!$S:$S,"Pendiente") -> 0 | AC5: =IF(AA5>0,"Rechazado",IF(AB5>0,"Pendiente","Aprobado")) -> Aprobado
A6: Fiabilidad | B6: =COUNTIFS(Registro!$B:$B,$A6,Registro!$F:$F,"01",Registro!$S:$S,"Aprobado") -> 3 | C6: =COUNTIFS(Registro!$B:$B,$A6,Registro!$F:$F,"01",Registro!$S:$S,"Rechazado") -> 1 | D6: =COUNTIFS(Registro!$B:$B,$A6,Registro!$F:$F,"01",Registro!$S:$S,"Pendiente") -> 0 | E6: =COUNTIFS(Registro!$B:$B,$A6,Registro!$F:$F,"02",Registro!$S:$S,"Aprobado") -> 4 | F6: =COUNTIFS(Registro!$B:$B,$A6,Registro!$F:$F,"02",Registro!$S:$S,"Rechazado") -> 0 | G6: =COUNTIFS(Registro!$B:$B,$A6,Registro!$F:$F,"02",Registro!$S:$S,"Pendiente") -> 0 | H6: =COUNTIFS(Registro!$B:$B,$A6,Registro!$F:$F,"03",Registro!$S:$S,"Aprobado") -> 4 | I6: =COUNTIFS(Registro!$B:$B,$A6,Registro!$F:$F,"03",Registro!$S:$S,"Rechazado") -> 0 | J6: =COUNTIFS(Registro!$B:$B,$A6,Registro!$F:$F,"03",Registro!$S:$S,"Pendiente") -> 0 | K6: =COUNTIFS(Registro!$B:$B,$A6,Registro!$F:$F,"04",Registro!$S:$S,"Aprobado") -> 4 | L6: =COUNTIFS(Registro!$B:$B,$A6,Registro!$F:$F,"04",Registro!$S:$S,"Rechazado") -> 0 | M6: =COUNTIFS(Registro!$B:$B,$A6,Registro!$F:$F,"04",Registro!$S:$S,"Pendiente") -> 0 | N6: =COUNTIFS(Registro!$B:$B,$A6,Registro!$F:$F,"05",Registro!$S:$S,"Aprobado") -> 4 | O6: =COUNTIFS(Registro!$B:$B,$A6,Registro!$F:$F,"05",Registro!$S:$S,"Rechazado") -> 0 | P6: =COUNTIFS(Registro!$B:$B,$A6,Registro!$F:$F,"05",Registro!$S:$S,"Pendiente") -> 0 | Q6: =COUNTIFS(Registro!$B:$B,$A6,Registro!$F:$F,"06",Registro!$S:$S,"Aprobado") -> 4 | R6: =COUNTIFS(Registro!$B:$B,$A6,Registro!$F:$F,"06",Registro!$S:$S,"Rechazado") -> 0 | S6: =COUNTIFS(Registro!$B:$B,$A6,Registro!$F:$F,"06",Registro!$S:$S,"Pendiente") -> 0 | T6: =COUNTIFS(Registro!$B:$B,$A6,Registro!$F:$F,"07",Registro!$S:$S,"Aprobado") -> 4 | U6: =COUNTIFS(Registro!$B:$B,$A6,Registro!$F:$F,"07",Registro!$S:$S,"Rechazado") -> 0 | V6: =COUNTIFS(Registro!$B:$B,$A6,Registro!$F:$F,"07",Registro!$S:$S,"Pendiente") -> 0 | W6: =COUNTIFS(Registro!$B:$B,$A6,Registro!$F:$F,"08",Registro!$S:$S,"Aprobado") -> 4 | X6: =COUNTIFS(Registro!$B:$B,$A6,Registro!$F:$F,"08",Registro!$S:$S,"Rechazado") -> 0 | Y6: =COUNTIFS(Registro!$B:$B,$A6,Registro!$F:$F,"08",Registro!$S:$S,"Pendiente") -> 0 | Z6: =COUNTIFS(Registro!$B:$B,$A6,Registro!$F:$F,"09",Registro!$S:$S,"Aprobado") -> 4 | AA6: =COUNTIFS(Registro!$B:$B,$A6,Registro!$F:$F,"09",Registro!$S:$S,"Rechazado") -> 0 | AB6: =COUNTIFS(Registro!$B:$B,$A6,Registro!$F:$F,"09",Registro!$S:$S,"Pendiente") -> 0 | AC6: =IF(AA6>0,"Rechazado",IF(AB6>0,"Pendiente","Aprobado")) -> Aprobado
A7: Seguridad | B7: =COUNTIFS(Registro!$B:$B,$A7,Registro!$F:$F,"01",Registro!$S:$S,"Aprobado") -> 2 | C7: =COUNTIFS(Registro!$B:$B,$A7,Registro!$F:$F,"01",Registro!$S:$S,"Rechazado") -> 1 | D7: =COUNTIFS(Registro!$B:$B,$A7,Registro!$F:$F,"01",Registro!$S:$S,"Pendiente") -> 0 | E7: =COUNTIFS(Registro!$B:$B,$A7,Registro!$F:$F,"02",Registro!$S:$S,"Aprobado") -> 2 | F7: =COUNTIFS(Registro!$B:$B,$A7,Registro!$F:$F,"02",Registro!$S:$S,"Rechazado") -> 1 | G7: =COUNTIFS(Registro!$B:$B,$A7,Registro!$F:$F,"02",Registro!$S:$S,"Pendiente") -> 0 | H7: =COUNTIFS(Registro!$B:$B,$A7,Registro!$F:$F,"03",Registro!$S:$S,"Aprobado") -> 3 | I7: =COUNTIFS(Registro!$B:$B,$A7,Registro!$F:$F,"03",Registro!$S:$S,"Rechazado") -> 0 | J7: =COUNTIFS(Registro!$B:$B,$A7,Registro!$F:$F,"03",Registro!$S:$S,"Pendiente") -> 0 | K7: =COUNTIFS(Registro!$B:$B,$A7,Registro!$F:$F,"04",Registro!$S:$S,"Aprobado") -> 3 | L7: =COUNTIFS(Registro!$B:$B,$A7,Registro!$F:$F,"04",Registro!$S:$S,"Rechazado") -> 0 | M7: =COUNTIFS(Registro!$B:$B,$A7,Registro!$F:$F,"04",Registro!$S:$S,"Pendiente") -> 0 | N7: =COUNTIFS(Registro!$B:$B,$A7,Registro!$F:$F,"05",Registro!$S:$S,"Aprobado") -> 3 | O7: =COUNTIFS(Registro!$B:$B,$A7,Registro!$F:$F,"05",Registro!$S:$S,"Rechazado") -> 0 | P7: =COUNTIFS(Registro!$B:$B,$A7,Registro!$F:$F,"05",Registro!$S:$S,"Pendiente") -> 0 | Q7: =COUNTIFS(Registro!$B:$B,$A7,Registro!$F:$F,"06",Registro!$S:$S,"Aprobado") -> 3 | R7: =COUNTIFS(Registro!$B:$B,$A7,Registro!$F:$F,"06",Registro!$S:$S,"Rechazado") -> 0 | S7: =COUNTIFS(Registro!$B:$B,$A7,Registro!$F:$F,"06",Registro!$S:$S,"Pendiente") -> 0 | T7: =COUNTIFS(Registro!$B:$B,$A7,Registro!$F:$F,"07",Registro!$S:$S,"Aprobado") -> 3 | U7: =COUNTIFS(Registro!$B:$B,$A7,Registro!$F:$F,"07",Registro!$S:$S,"Rechazado") -> 0 | V7: =COUNTIFS(Registro!$B:$B,$A7,Registro!$F:$F,"07",Registro!$S:$S,"Pendiente") -> 0 | W7: =COUNTIFS(Registro!$B:$B,$A7,Registro!$F:$F,"08",Registro!$S:$S,"Aprobado") -> 3 | X7: =COUNTIFS(Registro!$B:$B,$A7,Registro!$F:$F,"08",Registro!$S:$S,"Rechazado") -> 0 | Y7: =COUNTIFS(Registro!$B:$B,$A7,Registro!$F:$F,"08",Registro!$S:$S,"Pendiente") -> 0 | Z7: =COUNTIFS(Registro!$B:$B,$A7,Registro!$F:$F,"09",Registro!$S:$S,"Aprobado") -> 3 | AA7: =COUNTIFS(Registro!$B:$B,$A7,Registro!$F:$F,"09",Registro!$S:$S,"Rechazado") -> 0 | AB7: =COUNTIFS(Registro!$B:$B,$A7,Registro!$F:$F,"09",Registro!$S:$S,"Pendiente") -> 0 | AC7: =IF(AA7>0,"Rechazado",IF(AB7>0,"Pendiente","Aprobado")) -> Aprobado
A8: Mantenibilidad | B8: =COUNTIFS(Registro!$B:$B,$A8,Registro!$F:$F,"01",Registro!$S:$S,"Aprobado") -> 2 | C8: =COUNTIFS(Registro!$B:$B,$A8,Registro!$F:$F,"01",Registro!$S:$S,"Rechazado") -> 1 | D8: =COUNTIFS(Registro!$B:$B,$A8,Registro!$F:$F,"01",Registro!$S:$S,"Pendiente") -> 0 | E8: =COUNTIFS(Registro!$B:$B,$A8,Registro!$F:$F,"02",Registro!$S:$S,"Aprobado") -> 3 | F8: =COUNTIFS(Registro!$B:$B,$A8,Registro!$F:$F,"02",Registro!$S:$S,"Rechazado") -> 0 | G8: =COUNTIFS(Registro!$B:$B,$A8,Registro!$F:$F,"02",Registro!$S:$S,"Pendiente") -> 0 | H8: =COUNTIFS(Registro!$B:$B,$A8,Registro!$F:$F,"03",Registro!$S:$S,"Aprobado") -> 3 | I8: =COUNTIFS(Registro!$B:$B,$A8,Registro!$F:$F,"03",Registro!$S:$S,"Rechazado") -> 0 | J8: =COUNTIFS(Registro!$B:$B,$A8,Registro!$F:$F,"03",Registro!$S:$S,"Pendiente") -> 0 | K8: =COUNTIFS(Registro!$B:$B,$A8,Registro!$F:$F,"04",Registro!$S:$S,"Aprobado") -> 3 | L8: =COUNTIFS(Registro!$B:$B,$A8,Registro!$F:$F,"04",Registro!$S:$S,"Rechazado") -> 0 | M8: =COUNTIFS(Registro!$B:$B,$A8,Registro!$F:$F,"04",Registro!$S:$S,"Pendiente") -> 0 | N8: =COUNTIFS(Registro!$B:$B,$A8,Registro!$F:$F,"05",Registro!$S:$S,"Aprobado") -> 3 | O8: =COUNTIFS(Registro!$B:$B,$A8,Registro!$F:$F,"05",Registro!$S:$S,"Rechazado") -> 0 | P8: =COUNTIFS(Registro!$B:$B,$A8,Registro!$F:$F,"05",Registro!$S:$S,"Pendiente") -> 0 | Q8: =COUNTIFS(Registro!$B:$B,$A8,Registro!$F:$F,"06",Registro!$S:$S,"Aprobado") -> 3 | R8: =COUNTIFS(Registro!$B:$B,$A8,Registro!$F:$F,"06",Registro!$S:$S,"Rechazado") -> 0 | S8: =COUNTIFS(Registro!$B:$B,$A8,Registro!$F:$F,"06",Registro!$S:$S,"Pendiente") -> 0 | T8: =COUNTIFS(Registro!$B:$B,$A8,Registro!$F:$F,"07",Registro!$S:$S,"Aprobado") -> 3 | U8: =COUNTIFS(Registro!$B:$B,$A8,Registro!$F:$F,"07",Registro!$S:$S,"Rechazado") -> 0 | V8: =COUNTIFS(Registro!$B:$B,$A8,Registro!$F:$F,"07",Registro!$S:$S,"Pendiente") -> 0 | W8: =COUNTIFS(Registro!$B:$B,$A8,Registro!$F:$F,"08",Registro!$S:$S,"Aprobado") -> 3 | X8: =COUNTIFS(Registro!$B:$B,$A8,Registro!$F:$F,"08",Registro!$S:$S,"Rechazado") -> 0 | Y8: =COUNTIFS(Registro!$B:$B,$A8,Registro!$F:$F,"08",Registro!$S:$S,"Pendiente") -> 0 | Z8: =COUNTIFS(Registro!$B:$B,$A8,Registro!$F:$F,"09",Registro!$S:$S,"Aprobado") -> 3 | AA8: =COUNTIFS(Registro!$B:$B,$A8,Registro!$F:$F,"09",Registro!$S:$S,"Rechazado") -> 0 | AB8: =COUNTIFS(Registro!$B:$B,$A8,Registro!$F:$F,"09",Registro!$S:$S,"Pendiente") -> 0 | AC8: =IF(AA8>0,"Rechazado",IF(AB8>0,"Pendiente","Aprobado")) -> Aprobado
A9: Flexibilidad | B9: =COUNTIFS(Registro!$B:$B,$A9,Registro!$F:$F,"01",Registro!$S:$S,"Aprobado") -> 0 | C9: =COUNTIFS(Registro!$B:$B,$A9,Registro!$F:$F,"01",Registro!$S:$S,"Rechazado") -> 1 | D9: =COUNTIFS(Registro!$B:$B,$A9,Registro!$F:$F,"01",Registro!$S:$S,"Pendiente") -> 0 | E9: =COUNTIFS(Registro!$B:$B,$A9,Registro!$F:$F,"02",Registro!$S:$S,"Aprobado") -> 1 | F9: =COUNTIFS(Registro!$B:$B,$A9,Registro!$F:$F,"02",Registro!$S:$S,"Rechazado") -> 0 | G9: =COUNTIFS(Registro!$B:$B,$A9,Registro!$F:$F,"02",Registro!$S:$S,"Pendiente") -> 0 | H9: =COUNTIFS(Registro!$B:$B,$A9,Registro!$F:$F,"03",Registro!$S:$S,"Aprobado") -> 1 | I9: =COUNTIFS(Registro!$B:$B,$A9,Registro!$F:$F,"03",Registro!$S:$S,"Rechazado") -> 0 | J9: =COUNTIFS(Registro!$B:$B,$A9,Registro!$F:$F,"03",Registro!$S:$S,"Pendiente") -> 0 | K9: =COUNTIFS(Registro!$B:$B,$A9,Registro!$F:$F,"04",Registro!$S:$S,"Aprobado") -> 1 | L9: =COUNTIFS(Registro!$B:$B,$A9,Registro!$F:$F,"04",Registro!$S:$S,"Rechazado") -> 0 | M9: =COUNTIFS(Registro!$B:$B,$A9,Registro!$F:$F,"04",Registro!$S:$S,"Pendiente") -> 0 | N9: =COUNTIFS(Registro!$B:$B,$A9,Registro!$F:$F,"05",Registro!$S:$S,"Aprobado") -> 1 | O9: =COUNTIFS(Registro!$B:$B,$A9,Registro!$F:$F,"05",Registro!$S:$S,"Rechazado") -> 0 | P9: =COUNTIFS(Registro!$B:$B,$A9,Registro!$F:$F,"05",Registro!$S:$S,"Pendiente") -> 0 | Q9: =COUNTIFS(Registro!$B:$B,$A9,Registro!$F:$F,"06",Registro!$S:$S,"Aprobado") -> 1 | R9: =COUNTIFS(Registro!$B:$B,$A9,Registro!$F:$F,"06",Registro!$S:$S,"Rechazado") -> 0 | S9: =COUNTIFS(Registro!$B:$B,$A9,Registro!$F:$F,"06",Registro!$S:$S,"Pendiente") -> 0 | T9: =COUNTIFS(Registro!$B:$B,$A9,Registro!$F:$F,"07",Registro!$S:$S,"Aprobado") -> 1 | U9: =COUNTIFS(Registro!$B:$B,$A9,Registro!$F:$F,"07",Registro!$S:$S,"Rechazado") -> 0 | V9: =COUNTIFS(Registro!$B:$B,$A9,Registro!$F:$F,"07",Registro!$S:$S,"Pendiente") -> 0 | W9: =COUNTIFS(Registro!$B:$B,$A9,Registro!$F:$F,"08",Registro!$S:$S,"Aprobado") -> 1 | X9: =COUNTIFS(Registro!$B:$B,$A9,Registro!$F:$F,"08",Registro!$S:$S,"Rechazado") -> 0 | Y9: =COUNTIFS(Registro!$B:$B,$A9,Registro!$F:$F,"08",Registro!$S:$S,"Pendiente") -> 0 | Z9: =COUNTIFS(Registro!$B:$B,$A9,Registro!$F:$F,"09",Registro!$S:$S,"Aprobado") -> 1 | AA9: =COUNTIFS(Registro!$B:$B,$A9,Registro!$F:$F,"09",Registro!$S:$S,"Rechazado") -> 0 | AB9: =COUNTIFS(Registro!$B:$B,$A9,Registro!$F:$F,"09",Registro!$S:$S,"Pendiente") -> 0 | AC9: =IF(AA9>0,"Rechazado",IF(AB9>0,"Pendiente","Aprobado")) -> Aprobado
A10: Seguridad operacional | B10: =COUNTIFS(Registro!$B:$B,$A10,Registro!$F:$F,"01",Registro!$S:$S,"Aprobado") -> 3 | C10: =COUNTIFS(Registro!$B:$B,$A10,Registro!$F:$F,"01",Registro!$S:$S,"Rechazado") -> 0 | D10: =COUNTIFS(Registro!$B:$B,$A10,Registro!$F:$F,"01",Registro!$S:$S,"Pendiente") -> 0 | E10: =COUNTIFS(Registro!$B:$B,$A10,Registro!$F:$F,"02",Registro!$S:$S,"Aprobado") -> 3 | F10: =COUNTIFS(Registro!$B:$B,$A10,Registro!$F:$F,"02",Registro!$S:$S,"Rechazado") -> 0 | G10: =COUNTIFS(Registro!$B:$B,$A10,Registro!$F:$F,"02",Registro!$S:$S,"Pendiente") -> 0 | H10: =COUNTIFS(Registro!$B:$B,$A10,Registro!$F:$F,"03",Registro!$S:$S,"Aprobado") -> 3 | I10: =COUNTIFS(Registro!$B:$B,$A10,Registro!$F:$F,"03",Registro!$S:$S,"Rechazado") -> 0 | J10: =COUNTIFS(Registro!$B:$B,$A10,Registro!$F:$F,"03",Registro!$S:$S,"Pendiente") -> 0 | K10: =COUNTIFS(Registro!$B:$B,$A10,Registro!$F:$F,"04",Registro!$S:$S,"Aprobado") -> 3 | L10: =COUNTIFS(Registro!$B:$B,$A10,Registro!$F:$F,"04",Registro!$S:$S,"Rechazado") -> 0 | M10: =COUNTIFS(Registro!$B:$B,$A10,Registro!$F:$F,"04",Registro!$S:$S,"Pendiente") -> 0 | N10: =COUNTIFS(Registro!$B:$B,$A10,Registro!$F:$F,"05",Registro!$S:$S,"Aprobado") -> 3 | O10: =COUNTIFS(Registro!$B:$B,$A10,Registro!$F:$F,"05",Registro!$S:$S,"Rechazado") -> 0 | P10: =COUNTIFS(Registro!$B:$B,$A10,Registro!$F:$F,"05",Registro!$S:$S,"Pendiente") -> 0 | Q10: =COUNTIFS(Registro!$B:$B,$A10,Registro!$F:$F,"06",Registro!$S:$S,"Aprobado") -> 3 | R10: =COUNTIFS(Registro!$B:$B,$A10,Registro!$F:$F,"06",Registro!$S:$S,"Rechazado") -> 0 | S10: =COUNTIFS(Registro!$B:$B,$A10,Registro!$F:$F,"06",Registro!$S:$S,"Pendiente") -> 0 | T10: =COUNTIFS(Registro!$B:$B,$A10,Registro!$F:$F,"07",Registro!$S:$S,"Aprobado") -> 3 | U10: =COUNTIFS(Registro!$B:$B,$A10,Registro!$F:$F,"07",Registro!$S:$S,"Rechazado") -> 0 | V10: =COUNTIFS(Registro!$B:$B,$A10,Registro!$F:$F,"07",Registro!$S:$S,"Pendiente") -> 0 | W10: =COUNTIFS(Registro!$B:$B,$A10,Registro!$F:$F,"08",Registro!$S:$S,"Aprobado") -> 3 | X10: =COUNTIFS(Registro!$B:$B,$A10,Registro!$F:$F,"08",Registro!$S:$S,"Rechazado") -> 0 | Y10: =COUNTIFS(Registro!$B:$B,$A10,Registro!$F:$F,"08",Registro!$S:$S,"Pendiente") -> 0 | Z10: =COUNTIFS(Registro!$B:$B,$A10,Registro!$F:$F,"09",Registro!$S:$S,"Aprobado") -> 3 | AA10: =COUNTIFS(Registro!$B:$B,$A10,Registro!$F:$F,"09",Registro!$S:$S,"Rechazado") -> 0 | AB10: =COUNTIFS(Registro!$B:$B,$A10,Registro!$F:$F,"09",Registro!$S:$S,"Pendiente") -> 0 | AC10: =IF(AA10>0,"Rechazado",IF(AB10>0,"Pendiente","Aprobado")) -> Aprobado
A11: Total | B11: =SUM(B2:B10) -> 18 | C11: =SUM(C2:C10) -> 7 | D11: =SUM(D2:D10) -> 0 | E11: =SUM(E2:E10) -> 24 | F11: =SUM(F2:F10) -> 1 | G11: =SUM(G2:G10) -> 0 | H11: =SUM(H2:H10) -> 24 | I11: =SUM(I2:I10) -> 1 | ... AB11: =SUM(AB2:AB10) -> 0

Sheet Requisitos
A1: ID | B1: Requisito | C1: Tipo | D1: Métricas | E1: Prueba automatizada (última corrida) | F1: Aprobado (RF)
A2: RF-01 | B2: Cargar los datos oficiales y mostrar los indicadores clave del año y ámbito seleccionados | C2: Funcional | D2: IF-01, MA-03 | E2: Sí | F2: Sí
A3: RF-02 | B3: Filtrar por año (2000–2025) | C3: Funcional | D3: IF-01, MA-03 | E3: Sí | F3: Sí
A4: RF-03 | B4: Filtrar por departamento | C4: Funcional | D4: IF-01, MA-03 | E4: Sí | F4: Sí
A5: RF-04 | B5: Filtrar por especie (P. vivax, P. falciparum) | C5: Funcional | D5: IF-01, MA-03 | E5: Sí | F5: Sí
A6: RF-05 | B6: Mostrar la serie anual por especie | C6: Funcional | D6: IF-01, MA-03 | E6: Sí | F6: Sí
A7: RF-06 | B7: Mostrar la curva semanal frente al canal endémico | C7: Funcional | D7: IF-01, MA-03 | E7: Sí | F7: Sí
A8: RF-07 | B8: Mostrar un mapa coroplético por departamento que permita seleccionarlo | C8: Funcional | D8: IF-01, MA-03 | E8: Sí | F8: Sí
A9: RF-08 | B9: Mostrar el ranking de departamentos | C9: Funcional | D9: IF-01, MA-03 | E9: Sí | F9: Sí
A10: RF-09 | B10: Mostrar la distribución por edad y sexo (desde 2009) | C10: Funcional | D10: IF-01, MA-03 | E10: Sí | F10: Sí
A11: RF-10 | B11: Listar los distritos con búsqueda y ordenamiento | C11: Funcional | D11: IF-01, MA-03 | E11: Sí | F11: Sí
A12: RF-11 | B12: Exportar los datos filtrados en CSV y JSON | C12: Funcional | D12: IF-01, MA-03 | E12: Sí | F12: Sí
... A30: RNF-14 | B30: Advertir el carácter provisional, señalar límites y fallar de forma segura | C30: No funcional | D30: SO-01, SO-02, SO-03 | E30: Sí | F30: —
